<div class="oc"><p>A lack of sleep accounts <b>______</b> many of the mistakes students make.</p></div>	<div class="answer"><b>for</b></div>	<div class="explanation"><p><b>🇵🇱 Wyjaśnienie:</b> <b>account for</b> = wyjaśniać, być przyczyną.</p><p><b>📐 Reguła:</b> verb + preposition: account for</p><p><b>💡 Wskazówka:</b> Gdy zdanie mówi o przyczynie albo o części całości (30% of…), sprawdź <i>account for</i>.</p></div>	open-cloze	fce use-of-english open-cloze ability-achievement unit-3a dependent-prepositions
<div class="oc"><p>Languages seem to come naturally <b>______</b> some children.</p></div>	<div class="answer"><b>to</b></div>	<div class="explanation"><p><b>🇵🇱 Wyjaśnienie:</b> Stałe wyrażenie <b>come naturally to sb</b>.</p><p><b>📐 Reguła:</b> fixed phrase: come naturally to sb</p><p><b>💡 Wskazówka:</b> Osoba, dla której coś jest łatwe, stoi po <i>to</i>.</p></div>	open-cloze	fce use-of-english open-cloze ability-achievement unit-3a dependent-prepositions
<div class="oc"><p>She finished the race in spite <b>______</b> a painful injury.</p></div>	<div class="answer"><b>of</b></div>	<div class="explanation"><p><b>🇵🇱 Wyjaśnienie:</b> <b>in spite of</b> + rzeczownik. Bez <i>of</i> → <i>despite</i>.</p><p><b>📐 Reguła:</b> fixed phrase: in spite of</p><p><b>💡 Wskazówka:</b> Jeśli po luce stoi rzeczownik albo <i>-ing</i>, a przed nią <i>in spite</i> – brakuje <i>of</i>.</p></div>	open-cloze	fce use-of-english open-cloze ability-achievement unit-3a dependent-prepositions
<div class="oc"><p>We often associate the smell of coffee <b>______</b> Monday mornings.</p></div>	<div class="answer"><b>with</b></div>	<div class="explanation"><p><b>🇵🇱 Wyjaśnienie:</b> <b>associate A with B</b> = kojarzyć coś z czymś.</p><p><b>📐 Reguła:</b> verb + object + preposition: associate … with</p><p><b>💡 Wskazówka:</b> Polskie „kojarzyć <b>z</b>” pasuje tu do <i>with</i> – ale przy innych czasownikach nie ufaj kalce.</p></div>	open-cloze	fce use-of-english open-cloze ability-achievement unit-3a dependent-prepositions
<div class="oc"><p>Stories from your own life are more meaningful <b>______</b> you than random examples.</p></div>	<div class="answer"><b>to</b></div>	<div class="explanation"><p><b>🇵🇱 Wyjaśnienie:</b> <b>meaningful to sb</b> = mający znaczenie dla kogoś.</p><p><b>📐 Reguła:</b> adjective + preposition: meaningful to</p><p><b>💡 Wskazówka:</b> Przymiotniki oceny dla kogoś (meaningful, important, useful) często łączą się z <i>to</i>.</p></div>	open-cloze	fce use-of-english open-cloze ability-achievement unit-3a dependent-prepositions
<div class="oc"><p>Most people are <b>______</b> their best between ten and midday.</p></div>	<div class="answer"><b>at</b></div>	<div class="explanation"><p><b>🇵🇱 Wyjaśnienie:</b> Stałe wyrażenie <b>be at your best</b>.</p><p><b>📐 Reguła:</b> fixed phrase: be at sb's best</p><p><b>💡 Wskazówka:</b> <i>their best</i> bez przyimka to sygnał: brakuje <i>at</i>.</p></div>	open-cloze	fce use-of-english open-cloze ability-achievement unit-3a
<div class="oc"><p>Traffic in the city is at <b>______</b> peak around 8 a.m.</p></div>	<div class="answer"><b>its</b></div>	<div class="explanation"><p><b>🇵🇱 Wyjaśnienie:</b> Stałe wyrażenie <b>be at its peak</b>; zaimek dzierżawczy zgadza się z podmiotem (traffic → its).</p><p><b>📐 Reguła:</b> fixed phrase: be at its / their peak</p><p><b>💡 Wskazówka:</b> Po <i>at</i> i przed <i>peak / best</i> zwykle brakuje zaimka dzierżawczego.</p></div>	open-cloze	fce use-of-english open-cloze ability-achievement unit-3a
<div class="oc"><p>I studied all night, only <b>______</b> discover that the exam had been cancelled.</p></div>	<div class="answer"><b>to</b></div>	<div class="explanation"><p><b>🇵🇱 Wyjaśnienie:</b> <b>only to do sth</b> – zaskakujący, rozczarowujący skutek.</p><p><b>📐 Reguła:</b> only + to-infinitive</p><p><b>💡 Wskazówka:</b> Po przecinku i <i>only</i>, przed czasownikiem w formie podstawowej – wpisz <i>to</i>.</p></div>	open-cloze	fce use-of-english open-cloze ability-achievement unit-3a
<div class="oc"><p>There's a lot to be said <b>______</b> learning a little every day.</p></div>	<div class="answer"><b>for</b></div>	<div class="explanation"><p><b>🇵🇱 Wyjaśnienie:</b> Stałe wyrażenie <b>there's a lot to be said for sth</b>.</p><p><b>📐 Reguła:</b> fixed phrase: a lot to be said for</p><p><b>💡 Wskazówka:</b> Po <i>said</i> w tym wyrażeniu zawsze <i>for</i>.</p></div>	open-cloze	fce use-of-english open-cloze ability-achievement unit-3a dependent-prepositions
<div class="oc"><p>Only a few players have what it <b>______</b> to reach the top.</p></div>	<div class="answer"><b>takes</b></div>	<div class="explanation"><p><b>🇵🇱 Wyjaśnienie:</b> <b>have what it takes</b> = mieć to, czego potrzeba.</p><p><b>📐 Reguła:</b> fixed phrase: what it takes (to do sth)</p><p><b>💡 Wskazówka:</b> Po <i>what it</i> i przed <i>to</i> + czasownik – wpisz <i>takes</i>.</p></div>	open-cloze	fce use-of-english open-cloze ability-achievement unit-3a
<div class="oc"><p><b>______</b> though he trained every day, he didn't make the team.</p></div>	<div class="answer"><b>Even</b></div>	<div class="explanation"><p><b>🇵🇱 Wyjaśnienie:</b> <b>even though</b> + zdanie = mimo że.</p><p><b>📐 Reguła:</b> linking word: even though</p><p><b>💡 Wskazówka:</b> Przed <i>though</i> w jednowyrazowej luce pasuje tylko <i>Even</i> (<i>even though</i> = mimo że).</p></div>	open-cloze	fce use-of-english open-cloze ability-achievement unit-3a
<div class="oc"><p>The weather turned <b>______</b> to be perfect for the race.</p></div>	<div class="answer"><b>out</b></div>	<div class="explanation"><p><b>🇵🇱 Wyjaśnienie:</b> <b>turn out to be</b> = okazać się.</p><p><b>📐 Reguła:</b> phrasal verb: turn out to be</p><p><b>💡 Wskazówka:</b> <i>turned ___ to be</i> – prawie zawsze <i>out</i>.</p></div>	open-cloze	fce use-of-english open-cloze ability-achievement unit-3a
<div class="oc"><p>The bright poster caught the attention <b>______</b> everyone in the room.</p></div>	<div class="answer"><b>of</b></div>	<div class="explanation"><p><b>🇵🇱 Wyjaśnienie:</b> <b>catch the attention of sb</b>.</p><p><b>📐 Reguła:</b> noun + preposition: attention of</p><p><b>💡 Wskazówka:</b> Wersja z dopełniaczem: <i>the attention of everyone</i> = <i>everyone's attention</i>.</p></div>	open-cloze	fce use-of-english open-cloze ability-achievement unit-3a
<div class="oc"><p>He beat his opponent <b>______</b> ten points.</p></div>	<div class="answer"><b>by</b></div>	<div class="explanation"><p><b>🇵🇱 Wyjaśnienie:</b> Różnicę wyniku wprowadza <b>by</b>: beat sb by 10 points / 40 seconds.</p><p><b>📐 Reguła:</b> beat sb by + amount</p><p><b>💡 Wskazówka:</b> Liczba punktów, sekund, metrów po <i>beat / win / lose</i> → <i>by</i>.</p></div>	open-cloze	fce use-of-english open-cloze ability-achievement unit-3a
<div class="oc"><p>Everyone in my family can sing, and I'm <b>______</b> exception.</p></div>	<div class="answer"><b>no</b></div>	<div class="explanation"><p><b>🇵🇱 Wyjaśnienie:</b> <b>be no exception</b> = nie być wyjątkiem.</p><p><b>📐 Reguła:</b> fixed phrase: be no exception</p><p><b>💡 Wskazówka:</b> Przed <i>exception</i> w tym znaczeniu stoi <i>no</i>, nie <i>not</i> ani <i>an</i>.</p></div>	open-cloze	fce use-of-english open-cloze ability-achievement unit-3a
<div class="oc"><p><b>______</b> a doubt, practice is the key to success.</p></div>	<div class="answer"><b>Without</b></div>	<div class="explanation"><p><b>🇵🇱 Wyjaśnienie:</b> <b>without a doubt</b> = bez wątpienia.</p><p><b>📐 Reguła:</b> fixed phrase: without a doubt</p><p><b>💡 Wskazówka:</b> Na początku zdania przed <i>a doubt</i> – <i>Without</i>.</p></div>	open-cloze	fce use-of-english open-cloze ability-achievement unit-3a
<div class="oc"><p>My brother has a talent <b>______</b> making people laugh.</p></div>	<div class="answer"><b>for</b></div>	<div class="explanation"><p><b>🇵🇱 Wyjaśnienie:</b> <b>have a talent for sth / doing sth</b>.</p><p><b>📐 Reguła:</b> noun + preposition: talent for</p><p><b>💡 Wskazówka:</b> Po <i>talent</i> zawsze <i>for</i>.</p></div>	open-cloze	fce use-of-english open-cloze ability-achievement unit-3a dependent-prepositions
<div class="oc"><p>She's made a lot <b>______</b> progress with her English this year.</p></div>	<div class="answer"><b>of</b></div>	<div class="explanation"><p><b>🇵🇱 Wyjaśnienie:</b> <b>make a lot of progress</b> – <i>progress</i> jest niepoliczalny.</p><p><b>📐 Reguła:</b> quantifier: a lot of + uncountable noun</p><p><b>💡 Wskazówka:</b> Między <i>a lot</i> a rzeczownikiem prawie zawsze brakuje <i>of</i>.</p></div>	open-cloze	fce use-of-english open-cloze ability-achievement unit-3a
<div class="oc"><p>I can't think <b>______</b> his name right now.</p></div>	<div class="answer"><b>of</b></div>	<div class="explanation"><p><b>🇵🇱 Wyjaśnienie:</b> <b>think of</b> = przypomnieć sobie.</p><p><b>📐 Reguła:</b> phrasal verb: think of</p><p><b>💡 Wskazówka:</b> <i>can't think ___</i> + imię / pomysł → <i>of</i>.</p></div>	open-cloze	fce use-of-english open-cloze ability-achievement unit-3a
<div class="wf"><p>Ten <b>______</b> took part in the final of the 15-kilometre race. (<b>COMPETE</b>)</p></div>	<div class="answer"><b>competitors</b></div><div class="formation"><i>COMPETE → -e + -itor → COMPETITOR(S)</i></div>	<div class="explanation"><p><b>🇵🇱 Wyjaśnienie:</b> Rzeczownik w liczbie mnogiej (po <i>Ten</i>). Uwaga na <b>-s</b>!</p></div>	word-formation	fce use-of-english word-formation ability-achievement unit-3a
<div class="wf"><p>The students who became famous were more <b>______</b> than the others. (<b>COMPETE</b>)</p></div>	<div class="answer"><b>competitive</b></div><div class="formation"><i>COMPETE → -e + -itive → COMPETITIVE</i></div>	<div class="explanation"><p><b>🇵🇱 Wyjaśnienie:</b> Przymiotnik (po <i>more</i>). Rodzina: compete, competition, competitive, competitor.</p></div>	word-formation	fce use-of-english word-formation ability-achievement unit-3a
<div class="wf"><p>Information that is <b>______</b> to us is easier to remember. (<b>MEAN</b>)</p></div>	<div class="answer"><b>meaningful</b></div><div class="formation"><i>MEAN → meaning + -ful → MEANINGFUL</i></div>	<div class="explanation"><p><b>🇵🇱 Wyjaśnienie:</b> Przymiotnik (po <i>is</i>, przed <i>to us</i>). Dwa kroki: <i>mean → meaning → meaningful</i>.</p></div>	word-formation	fce use-of-english word-formation ability-achievement unit-3a
<div class="wf"><p>She's an <b>______</b> pianist – one of the best in the country. (<b>EXCEPTION</b>)</p></div>	<div class="answer"><b>exceptional</b></div><div class="formation"><i>EXCEPTION → + -al → EXCEPTIONAL</i></div>	<div class="explanation"><p><b>🇵🇱 Wyjaśnienie:</b> Przymiotnik przed rzeczownikiem. Podpowiedź: <i>an</i> przed luką = słowo zaczyna się od samogłoski.</p></div>	word-formation	fce use-of-english word-formation ability-achievement unit-3a
<div class="wf"><p>Mnemonics work by <b>______</b> – linking new facts to pictures. (<b>ASSOCIATE</b>)</p></div>	<div class="answer"><b>association</b></div><div class="formation"><i>ASSOCIATE → -e + -ion → ASSOCIATION</i></div>	<div class="explanation"><p><b>🇵🇱 Wyjaśnienie:</b> Rzeczownik (po przyimku <i>by</i>).</p></div>	word-formation	fce use-of-english word-formation ability-achievement unit-3a
<div class="wf"><p>He's very <b>______</b>, but he still has to practise every day. (<b>TALENT</b>)</p></div>	<div class="answer"><b>talented</b></div><div class="formation"><i>TALENT → + -ed → TALENTED</i></div>	<div class="explanation"><p><b>🇵🇱 Wyjaśnienie:</b> Przymiotnik (po <i>very</i>).</p></div>	word-formation	fce use-of-english word-formation ability-achievement unit-3a
<div class="wf"><p>Some people seem to be <b>______</b> good at sport. (<b>NATURE</b>)</p></div>	<div class="answer"><b>naturally</b></div><div class="formation"><i>NATURE → natural + -ly → NATURALLY</i></div>	<div class="explanation"><p><b>🇵🇱 Wyjaśnienie:</b> Przysłówek przed przymiotnikiem <i>good</i>. Dwa kroki: <i>nature → natural → naturally</i>.</p></div>	word-formation	fce use-of-english word-formation ability-achievement unit-3a
<div class="kwt"><p class="original"><b>Although he was tired, he finished the race.</b></p><p class="keyword">Słowo kluczowe: <b>SPITE</b></p><p class="gap">He finished the race __________________ tired.</p><p class="instruction"><i>Uzupełnij zdanie używając 2-5 słów, w tym podanego słowa kluczowego. Nie zmieniaj formy słowa kluczowego.</i></p></div>	<div class="answer"><b>in spite of being</b></div><div class="full-sentence"><i>He finished the race in spite of being tired.</i></div>	<div class="explanation"><p><b>🇵🇱 Wyjaśnienie:</b> Zdanie z <i>although</i> zamieniamy na <b>in spite of + -ing</b>.</p><p><b>📐 Reguła:</b> although + clause → in spite of + -ing</p><p><b>💡 Wskazówka:</b> Po <i>in spite of</i> nie może stać <i>he was</i> – potrzebne <i>being</i>.</p></div>	key-word-transformation	fce use-of-english key-word-transformation ability-achievement unit-3a
<div class="kwt"><p class="original"><b>His success can be explained by his height.</b></p><p class="keyword">Słowo kluczowe: <b>ACCOUNTS</b></p><p class="gap">His height __________________ success.</p><p class="instruction"><i>Uzupełnij zdanie używając 2-5 słów, w tym podanego słowa kluczowego. Nie zmieniaj formy słowa kluczowego.</i></p></div>	<div class="answer"><b>accounts for his</b></div><div class="full-sentence"><i>His height accounts for his success.</i></div>	<div class="explanation"><p><b>🇵🇱 Wyjaśnienie:</b> <b>account for</b> = wyjaśniać. Podmiotem staje się przyczyna (his height).</p><p><b>📐 Reguła:</b> be explained by → account for</p><p><b>💡 Wskazówka:</b> Nie zapomnij o zaimku <i>his</i> przed <i>success</i>.</p></div>	key-word-transformation	fce use-of-english key-word-transformation ability-achievement unit-3a
<div class="kwt"><p class="original"><b>Maths is very easy for her.</b></p><p class="keyword">Słowo kluczowe: <b>NATURALLY</b></p><p class="gap">Maths __________________ her.</p><p class="instruction"><i>Uzupełnij zdanie używając 2-5 słów, w tym podanego słowa kluczowego. Nie zmieniaj formy słowa kluczowego.</i></p></div>	<div class="answer"><b>comes naturally to</b></div><div class="full-sentence"><i>Maths comes naturally to her.</i></div>	<div class="explanation"><p><b>🇵🇱 Wyjaśnienie:</b> <b>come naturally to sb</b> = przychodzić komuś łatwo.</p><p><b>📐 Reguła:</b> be easy for sb → come naturally to sb</p><p><b>💡 Wskazówka:</b> Podmiot (Maths) zostaje, osoba po <i>to</i>; czasownik w 3. osobie: <i>comes</i>.</p></div>	key-word-transformation	fce use-of-english key-word-transformation ability-achievement unit-3a
<div class="kwt"><p class="original"><b>Later we discovered that the shop was closed.</b></p><p class="keyword">Słowo kluczowe: <b>TURNED</b></p><p class="gap">It __________________ the shop was closed.</p><p class="instruction"><i>Uzupełnij zdanie używając 2-5 słów, w tym podanego słowa kluczowego. Nie zmieniaj formy słowa kluczowego.</i></p></div>	<div class="answer"><b>turned out that</b></div><div class="full-sentence"><i>It turned out that the shop was closed.</i></div>	<div class="explanation"><p><b>🇵🇱 Wyjaśnienie:</b> <b>It turned out that…</b> = okazało się, że…</p><p><b>📐 Reguła:</b> discover that → it turns out that</p><p><b>💡 Wskazówka:</b> Czas przeszły zostaje: <i>turned</i>.</p></div>	key-word-transformation	fce use-of-english key-word-transformation ability-achievement unit-3a
<div class="kwt"><p class="original"><b>Everyone noticed the advert immediately.</b></p><p class="keyword">Słowo kluczowe: <b>ATTENTION</b></p><p class="gap">The advert immediately __________________ everyone.</p><p class="instruction"><i>Uzupełnij zdanie używając 2-5 słów, w tym podanego słowa kluczowego. Nie zmieniaj formy słowa kluczowego.</i></p></div>	<div class="answer"><b>caught the attention of</b></div><div class="full-sentence"><i>The advert immediately caught the attention of everyone.</i></div>	<div class="explanation"><p><b>🇵🇱 Wyjaśnienie:</b> <b>catch the attention of sb</b> = przykuć czyjąś uwagę.</p><p><b>📐 Reguła:</b> notice sth → sth catches sb's attention</p><p><b>💡 Wskazówka:</b> Zmienia się podmiot: teraz to reklama przykuwa uwagę.</p></div>	key-word-transformation	fce use-of-english key-word-transformation ability-achievement unit-3a
<div class="kwt"><p class="original"><b>It's worth waiting until the afternoon to learn a new sport.</b></p><p class="keyword">Słowo kluczowe: <b>PAYS</b></p><p class="gap">It __________________ until the afternoon to learn a new sport.</p><p class="instruction"><i>Uzupełnij zdanie używając 2-5 słów, w tym podanego słowa kluczowego. Nie zmieniaj formy słowa kluczowego.</i></p></div>	<div class="answer"><b>pays to wait</b></div><div class="full-sentence"><i>It pays to wait until the afternoon to learn a new sport.</i></div>	<div class="explanation"><p><b>🇵🇱 Wyjaśnienie:</b> <b>it pays to do sth</b> = opłaca się coś zrobić.</p><p><b>📐 Reguła:</b> it's worth + -ing → it pays + to-infinitive</p><p><b>💡 Wskazówka:</b> Po <i>worth</i> jest <i>-ing</i>, po <i>pays</i> – <i>to</i> + bezokolicznik.</p></div>	key-word-transformation	fce use-of-english key-word-transformation ability-achievement unit-3a
<div class="kwt"><p class="original"><b>Like all the other players, he has very long arms.</b></p><p class="keyword">Słowo kluczowe: <b>EXCEPTION</b></p><p class="gap">All the other players have very long arms, and he __________________.</p><p class="instruction"><i>Uzupełnij zdanie używając 2-5 słów, w tym podanego słowa kluczowego. Nie zmieniaj formy słowa kluczowego.</i></p></div>	<div class="answer"><b>is no exception</b></div><div class="full-sentence"><i>All the other players have very long arms, and he is no exception.</i></div>	<div class="explanation"><p><b>🇵🇱 Wyjaśnienie:</b> <b>be no exception</b> = nie być wyjątkiem.</p><p><b>📐 Reguła:</b> like all the others → be no exception</p><p><b>💡 Wskazówka:</b> <i>no</i>, nie <i>not an</i>.</p></div>	key-word-transformation	fce use-of-english key-word-transformation ability-achievement unit-3a
<div class="kwt"><p class="original"><b>This song reminds me of my holidays.</b></p><p class="keyword">Słowo kluczowe: <b>ASSOCIATE</b></p><p class="gap">I __________________ my holidays.</p><p class="instruction"><i>Uzupełnij zdanie używając 2-5 słów, w tym podanego słowa kluczowego. Nie zmieniaj formy słowa kluczowego.</i></p></div>	<div class="answer"><b>associate this song with</b></div><div class="full-sentence"><i>I associate this song with my holidays.</i></div>	<div class="explanation"><p><b>🇵🇱 Wyjaśnienie:</b> <b>associate A with B</b>. Podmiotem staje się osoba.</p><p><b>📐 Reguła:</b> sth reminds me of sth → I associate sth with sth</p><p><b>💡 Wskazówka:</b> Przyimek <b>with</b>, nie <i>of</i> ani <i>to</i>.</p></div>	key-word-transformation	fce use-of-english key-word-transformation ability-achievement unit-3a
<div class="kwt"><p class="original"><b>She's too young to drive.</b></p><p class="keyword">Słowo kluczowe: <b>OLD</b></p><p class="gap">She isn't __________________ drive.</p><p class="instruction"><i>Uzupełnij zdanie używając 2-5 słów, w tym podanego słowa kluczowego. Nie zmieniaj formy słowa kluczowego.</i></p></div>	<div class="answer"><b>old enough to</b></div><div class="full-sentence"><i>She isn't old enough to drive.</i></div>	<div class="explanation"><p><b>🇵🇱 Wyjaśnienie:</b> <b>too + adj</b> ↔ <b>not + przeciwny adj + enough</b>.</p><p><b>📐 Reguła:</b> too young → not old enough</p><p><b>💡 Wskazówka:</b> <i>enough</i> stoi po przymiotniku – jak w Twojej notatce (<i>good enough</i>).</p></div>	key-word-transformation	fce use-of-english key-word-transformation ability-achievement unit-3a
