wake up / wake (sb) up	<div class="meaning"><p><b>🇵🇱 Znaczenie 1:</b> obudzić się</p><p>🇬🇧 <i>to stop sleeping</i></p></div><div class="meaning"><p><b>🇵🇱 Znaczenie 2:</b> obudzić kogoś</p><p>🇬🇧 <i>to make someone stop sleeping</i></p></div><div class="grammar-note"><b>📝 Gramatyka:</b> <b>Type 1</b> (obudzić się) i <b>Type 2</b> (obudzić kogoś): wake the kids up / wake up the kids / wake them up (NIE wake up them).</div>	<div class="examples"><p>1. <i>I usually <b>wake up</b> at 6:30 on weekdays.</i></p><p>   🇵🇱 <i>W dni robocze zwykle budzę się o 6:30.</i></p><p>2. <i>Can you <b>wake me up</b> at seven tomorrow?</i></p><p>   🇵🇱 <i>Obudzisz mnie jutro o siódmej?</i></p><p>3. <i>Be quiet or you'll <b>wake the baby up</b>!</i></p><p>   🇵🇱 <i>Bądź cicho, bo obudzisz dziecko!</i></p></div>	awake, awaken, rouse	fce phrasal-verbs wake multi-word-verbs unit-3a type-1 type-2
go away	<div class="meaning"><p><b>🇵🇱 Znaczenie 1:</b> odejść, iść sobie; wyjechać (np. na urlop)</p><p>🇬🇧 <i>to leave a place or a person; to leave home for a holiday</i></p></div><div class="meaning"><p><b>🇵🇱 Znaczenie 2:</b> (o bólu, problemie) minąć, zniknąć</p><p>🇬🇧 <i>(of a pain or problem) to disappear</i></p></div><div class="grammar-note"><b>📝 Gramatyka:</b> <b>Type 1</b> – nieprzechodni, bez dopełnienia. NIE: <i>go somebody away</i> → <i>tell somebody to go away</i>.</div>	<div class="examples"><p>1. <i><b>Go away</b>! I'm trying to study.</i></p><p>   🇵🇱 <i>Idź sobie! Próbuję się uczyć.</i></p><p>2. <i>We're <b>going away</b> for the weekend.</i></p><p>   🇵🇱 <i>Wyjeżdżamy na weekend.</i></p><p>3. <i>I took a painkiller, but the headache didn't <b>go away</b>.</i></p><p>   🇵🇱 <i>Wziąłem tabletkę przeciwbólową, ale ból głowy nie minął.</i></p><p>4. <i>The problem won't just <b>go away</b> if you ignore it.</i></p><p>   🇵🇱 <i>Problem nie zniknie sam, jeśli będziesz go ignorować.</i></p></div>	leave, depart, disappear	fce phrasal-verbs go multi-word-verbs unit-3a type-1
fall down	<div class="meaning"><p><b>🇵🇱 Znaczenie:</b> upaść, przewrócić się; (o budynku) zawalić się</p><p>🇬🇧 <i>to fall to the ground; (of a building) to collapse</i></p></div><div class="grammar-note"><b>📝 Gramatyka:</b> <b>Type 1</b> – nieprzechodni. Uwaga: <i>fall down the stairs</i> = spaść ze schodów (tu <i>the stairs</i> to miejsce, a nie dopełnienie).</div>	<div class="examples"><p>1. <i>She slipped on the ice and <b>fell down</b>.</i></p><p>   🇵🇱 <i>Poślizgnęła się na lodzie i upadła.</i></p><p>2. <i>That old building looks as if it's going to <b>fall down</b>.</i></p><p>   🇵🇱 <i>Ten stary budynek wygląda, jakby miał się zaraz zawalić.</i></p></div>	fall, collapse, tumble	fce phrasal-verbs fall multi-word-verbs unit-3a type-1
stay up	<div class="meaning"><p><b>🇵🇱 Znaczenie:</b> nie kłaść się spać, siedzieć do późna</p><p>🇬🇧 <i>to go to bed later than usual</i></p></div><div class="grammar-note"><b>📝 Gramatyka:</b> <b>Type 1</b> – nieprzechodni. Typowe połączenia: stay up late, stay up all night, stay up until midnight.</div>	<div class="examples"><p>1. <i>I <b>stayed up</b> late to finish my essay.</i></p><p>   🇵🇱 <i>Siedziałem do późna, żeby skończyć wypracowanie.</i></p><p>2. <i>The kids are allowed to <b>stay up</b> until ten at weekends.</i></p><p>   🇵🇱 <i>W weekendy dzieci mogą nie kłaść się spać do dziesiątej.</i></p></div>	stay awake, keep awake	fce phrasal-verbs stay multi-word-verbs unit-3a type-1
break up	<div class="meaning"><p><b>🇵🇱 Znaczenie 1:</b> rozstać się, zerwać (o parze)</p><p>🇬🇧 <i>to end a romantic relationship</i></p></div><div class="meaning"><p><b>🇵🇱 Znaczenie 2:</b> (o połączeniu, sygnale) przerywać, rwać się</p><p>🇬🇧 <i>(of a phone signal) to become unclear, so the speaker can't be heard properly</i></p></div><div class="grammar-note"><b>📝 Gramatyka:</b> <b>Type 1</b> – nieprzechodni: They broke up. Z osobą → <b>Type 4</b>: <i>break up with sb</i> (She broke up with him).</div>	<div class="examples"><p>1. <i>After five years together, they <b>broke up</b> last summer.</i></p><p>   🇵🇱 <i>Po pięciu latach razem rozstali się zeszłego lata.</i></p><p>2. <i>Why did you <b>break up with</b> your girlfriend?</i></p><p>   🇵🇱 <i>Dlaczego zerwałeś z dziewczyną?</i></p><p>3. <i>Sorry, you're <b>breaking up</b> – I can't hear you.</i></p><p>   🇵🇱 <i>Przepraszam, przerywa ci – nie słyszę cię.</i></p><p>4. <i>Your signal is <b>breaking up</b>, so I'll call you back.</i></p><p>   🇵🇱 <i>Rwie ci się połączenie, więc oddzwonię.</i></p></div>	split up, separate; (signal) cut out	fce phrasal-verbs break multi-word-verbs unit-3a type-1 type-4
sit down	<div class="meaning"><p><b>🇵🇱 Znaczenie:</b> usiąść, siadać</p><p>🇬🇧 <i>to move into a sitting position</i></p></div><div class="grammar-note"><b>📝 Gramatyka:</b> <b>Type 1</b> – nieprzechodni, znaczenie dosłowne (sit + down). Bez dopełnienia: Please sit down.</div>	<div class="examples"><p>1. <i>Please <b>sit down</b> and make yourself comfortable.</i></p><p>   🇵🇱 <i>Proszę usiąść i się rozgościć.</i></p><p>2. <i>We <b>sat down</b> at the table and started talking about the plan.</i></p><p>   🇵🇱 <i>Usiedliśmy przy stole i zaczęliśmy rozmawiać o planie.</i></p></div>	sit, take a seat, be seated	fce phrasal-verbs sit multi-word-verbs unit-3a type-1
take off	<div class="meaning"><p><b>🇵🇱 Znaczenie 1:</b> (o samolocie) wystartować</p><p>🇬🇧 <i>(of a plane) to leave the ground and start flying</i></p></div><div class="meaning"><p><b>🇵🇱 Znaczenie 2:</b> (o karierze, produkcie) nagle odnieść sukces, nabrać rozpędu</p><p>🇬🇧 <i>to suddenly become successful or popular</i></p></div><div class="grammar-note"><b>📝 Gramatyka:</b> <b>Type 1</b> – nieprzechodni. Z dopełnieniem to inny czasownik: <i>take sth off</i> = zdjąć (Type 2).</div>	<div class="examples"><p>1. <i>Our plane <b>took off</b> an hour late because of the storm.</i></p><p>   🇵🇱 <i>Nasz samolot wystartował z godzinnym opóźnieniem z powodu burzy.</i></p><p>2. <i>Please fasten your seatbelts – we're about to <b>take off</b>.</i></p><p>   🇵🇱 <i>Proszę zapiąć pasy – za chwilę startujemy.</i></p><p>3. <i>Her career really <b>took off</b> after her first film.</i></p><p>   🇵🇱 <i>Jej kariera naprawdę nabrała rozpędu po pierwszym filmie.</i></p><p>4. <i>The app <b>took off</b> among teenagers almost overnight.</i></p><p>   🇵🇱 <i>Aplikacja niemal z dnia na dzień zrobiła furorę wśród nastolatków.</i></p></div>	depart, lift off; (success) boom, flourish	fce phrasal-verbs take multi-word-verbs unit-3a type-1
calm down / calm (sb) down	<div class="meaning"><p><b>🇵🇱 Znaczenie 1:</b> uspokoić się</p><p>🇬🇧 <i>to become less angry, upset or excited</i></p></div><div class="meaning"><p><b>🇵🇱 Znaczenie 2:</b> uspokoić kogoś</p><p>🇬🇧 <i>to make someone less angry, upset or excited</i></p></div><div class="grammar-note"><b>📝 Gramatyka:</b> <b>Type 1</b> (uspokoić się) i <b>Type 2</b> (uspokoić kogoś): Calm down! / I tried to calm her down (NIE calm down her).</div>	<div class="examples"><p>1. <i><b>Calm down</b>! Shouting won't help.</i></p><p>   🇵🇱 <i>Uspokój się! Krzyk nic nie pomoże.</i></p><p>2. <i>It took me an hour to <b>calm down</b> after the argument.</i></p><p>   🇵🇱 <i>Po kłótni uspokajałem się przez godzinę.</i></p><p>3. <i>The teacher managed to <b>calm the children down</b>.</i></p><p>   🇵🇱 <i>Nauczycielce udało się uspokoić dzieci.</i></p><p>4. <i>She was so nervous that nothing could <b>calm her down</b>.</i></p><p>   🇵🇱 <i>Była tak zdenerwowana, że nic nie mogło jej uspokoić.</i></p></div>	relax, settle down; soothe, reassure	fce phrasal-verbs calm multi-word-verbs unit-3a type-1 type-2
go off	<div class="meaning"><p><b>🇵🇱 Znaczenie 1:</b> (o budziku, alarmie) zadzwonić, włączyć się; (o bombie) wybuchnąć</p><p>🇬🇧 <i>(of an alarm) to start ringing; (of a bomb) to explode</i></p></div><div class="meaning"><p><b>🇵🇱 Znaczenie 2:</b> (o jedzeniu) zepsuć się</p><p>🇬🇧 <i>(of food) to become bad and not safe to eat</i></p></div><div class="grammar-note"><b>📝 Gramatyka:</b> <b>Type 1</b> – nieprzechodni. Podmiotem jest urządzenie / rzecz: My alarm went off (NIE: <i>I went off my alarm</i>).</div>	<div class="examples"><p>1. <i>My alarm <b>went off</b> at six, but I didn't hear it.</i></p><p>   🇵🇱 <i>Budzik zadzwonił o szóstej, ale go nie usłyszałem.</i></p><p>2. <i>The fire alarm <b>went off</b> in the middle of the exam.</i></p><p>   🇵🇱 <i>W środku egzaminu włączył się alarm przeciwpożarowy.</i></p><p>3. <i>Don't drink that milk – it's <b>gone off</b>.</i></p><p>   🇵🇱 <i>Nie pij tego mleka – zepsuło się.</i></p><p>4. <i>The fish will <b>go off</b> if you don't put it in the fridge.</i></p><p>   🇵🇱 <i>Ryba się zepsuje, jeśli nie włożysz jej do lodówki.</i></p></div>	ring, sound, explode; (food) go bad, spoil	fce phrasal-verbs go multi-word-verbs unit-3a type-1
fall apart	<div class="meaning"><p><b>🇵🇱 Znaczenie 1:</b> rozpadać się (o starym lub tandetnym przedmiocie)</p><p>🇬🇧 <i>to break into pieces because it is old or badly made</i></p></div><div class="meaning"><p><b>🇵🇱 Znaczenie 2:</b> (o planie, związku, człowieku) posypać się, załamać się</p><p>🇬🇧 <i>(of a plan, relationship or person) to stop working or be unable to cope</i></p></div><div class="grammar-note"><b>📝 Gramatyka:</b> <b>Type 1</b> – nieprzechodni. W materiale: <i>those old shoes that are nearly falling apart</i>.</div>	<div class="examples"><p>1. <i>My trainers are so old that they're <b>falling apart</b>.</i></p><p>   🇵🇱 <i>Moje buty sportowe są tak stare, że się rozpadają.</i></p><p>2. <i>This cheap furniture started to <b>fall apart</b> after a month.</i></p><p>   🇵🇱 <i>Te tanie meble zaczęły się rozpadać po miesiącu.</i></p><p>3. <i>Our holiday plans <b>fell apart</b> when the airline cancelled our flight.</i></p><p>   🇵🇱 <i>Nasze plany wakacyjne legły w gruzach, kiedy linia lotnicza odwołała nasz lot.</i></p><p>4. <i>He almost <b>fell apart</b> after he lost his job.</i></p><p>   🇵🇱 <i>Prawie się załamał po utracie pracy.</i></p></div>	disintegrate, collapse, break down	fce phrasal-verbs fall multi-word-verbs unit-3a type-1
give up / give (sth) up	<div class="meaning"><p><b>🇵🇱 Znaczenie 1:</b> poddać się, zrezygnować</p><p>🇬🇧 <i>to stop trying</i></p></div><div class="meaning"><p><b>🇵🇱 Znaczenie 2:</b> rzucić coś, przestać coś robić (nałóg, hobby)</p><p>🇬🇧 <i>to stop doing or having something</i></p></div><div class="grammar-note"><b>📝 Gramatyka:</b> <b>Type 1</b> (Don't give up!) i <b>Type 2</b> (give up sugar / give it up – NIE give up it). Po give up czasownik z <b>-ing</b>: give up smoking.</div>	<div class="examples"><p>1. <i>The exam is hard, but don't <b>give up</b>!</i></p><p>   🇵🇱 <i>Egzamin jest trudny, ale się nie poddawaj!</i></p><p>2. <i>I tried to solve the puzzle for an hour and then <b>gave up</b>.</i></p><p>   🇵🇱 <i>Przez godzinę próbowałem rozwiązać łamigłówkę, a potem się poddałem.</i></p><p>3. <i>My dad <b>gave up</b> smoking ten years ago.</i></p><p>   🇵🇱 <i>Mój tata rzucił palenie dziesięć lat temu.</i></p><p>4. <i>I loved playing the guitar, but I had to <b>give it up</b> when I started working.</i></p><p>   🇵🇱 <i>Uwielbiałem grać na gitarze, ale musiałem z tego zrezygnować, kiedy zacząłem pracować.</i></p></div>	quit, abandon, surrender	fce phrasal-verbs give multi-word-verbs unit-3a type-1 type-2
take (sth) off	<div class="meaning"><p><b>🇵🇱 Znaczenie 1:</b> zdjąć (ubranie, buty, biżuterię)</p><p>🇬🇧 <i>to remove a piece of clothing, shoes or jewellery</i></p></div><div class="meaning"><p><b>🇵🇱 Znaczenie 2:</b> wziąć wolne (od pracy)</p><p>🇬🇧 <i>to have a period of time away from work: take a day / a week off</i></p></div><div class="grammar-note"><b>📝 Gramatyka:</b> <b>Type 2</b> – rozdzielny: take off your shoes / take your shoes off / take them off (NIE take off them). Bez dopełnienia = wystartować (Type 1).</div>	<div class="examples"><p>1. <i>Please <b>take off</b> your shoes before you come in.</i></p><p>   🇵🇱 <i>Proszę zdjąć buty przed wejściem.</i></p><p>2. <i>It was hot, so I <b>took my jacket off</b>.</i></p><p>   🇵🇱 <i>Było gorąco, więc zdjąłem kurtkę.</i></p><p>3. <i>These boots are wet – <b>take them off</b>!</i></p><p>   🇵🇱 <i>Te buty są mokre – zdejmij je!</i></p><p>4. <i>I'm going to <b>take a few days off</b> after the exam.</i></p><p>   🇵🇱 <i>Po egzaminie wezmę kilka dni wolnego.</i></p></div>	remove; (from work) have time off	fce phrasal-verbs take multi-word-verbs unit-3a type-2
try (sth) out	<div class="meaning"><p><b>🇵🇱 Znaczenie:</b> wypróbować, przetestować</p><p>🇬🇧 <i>to use something to find out if it works or if you like it</i></p></div><div class="grammar-note"><b>📝 Gramatyka:</b> <b>Type 2</b> – rozdzielny: try out the app / try the app out / try it out (NIE try out it).</div>	<div class="examples"><p>1. <i>We came up with some new ideas and decided to <b>try them out</b>.</i></p><p>   🇵🇱 <i>Wpadliśmy na kilka nowych pomysłów i postanowiliśmy je wypróbować.</i></p><p>2. <i>You can <b>try out</b> the software for free for 30 days.</i></p><p>   🇵🇱 <i>Możesz przez 30 dni za darmo testować to oprogramowanie.</i></p></div>	test, trial, sample	fce phrasal-verbs try multi-word-verbs unit-3a type-2
figure (sth / sb) out	<div class="meaning"><p><b>🇵🇱 Znaczenie 1:</b> rozgryźć, zrozumieć, wykombinować (jak coś zrobić)</p><p>🇬🇧 <i>to understand something or find the answer by thinking about it</i></p></div><div class="meaning"><p><b>🇵🇱 Znaczenie 2:</b> rozgryźć kogoś (zrozumieć jego zachowanie)</p><p>🇬🇧 <i>to understand why someone behaves as they do</i></p></div><div class="grammar-note"><b>📝 Gramatyka:</b> <b>Type 2</b> – rozdzielny: figure out the answer / figure the answer out / figure it out (NIE figure out it). Często z pytaniem: figure out how / why / what…</div>	<div class="examples"><p>1. <i>I can't <b>figure out</b> how to use this new printer.</i></p><p>   🇵🇱 <i>Nie mogę rozgryźć, jak obsługiwać tę nową drukarkę.</i></p><p>2. <i>It took me ages to <b>figure it out</b>, but I finally solved the problem.</i></p><p>   🇵🇱 <i>Długo mi zajęło, zanim to rozgryzłem, ale w końcu rozwiązałem problem.</i></p><p>3. <i>My new boss is strange – I can't <b>figure him out</b>.</i></p><p>   🇵🇱 <i>Mój nowy szef jest dziwny – nie mogę go rozgryźć.</i></p><p>4. <i>She's so quiet that nobody can <b>figure her out</b>.</i></p><p>   🇵🇱 <i>Jest tak cicha, że nikt nie potrafi jej rozgryźć.</i></p></div>	work out, understand, solve	fce phrasal-verbs figure multi-word-verbs unit-3a type-2
make (sth) up	<div class="meaning"><p><b>🇵🇱 Znaczenie:</b> zmyślić, wymyślić (historię, wymówkę)</p><p>🇬🇧 <i>to invent a story, an excuse, etc., often to trick someone</i></p></div><div class="grammar-note"><b>📝 Gramatyka:</b> <b>Type 2</b> – rozdzielny: make up an excuse / make an excuse up / make it up (NIE make up it). Uwaga: <i>make up (with sb)</i> = pogodzić się – inne znaczenie.</div>	<div class="examples"><p>1. <i>He <b>made up</b> an excuse about his car breaking down.</i></p><p>   🇵🇱 <i>Zmyślił wymówkę, że zepsuł mu się samochód.</i></p><p>2. <i>That's not true – you're <b>making it up</b>!</i></p><p>   🇵🇱 <i>To nieprawda – zmyślasz!</i></p><p>3. <i>My little sister loves <b>making up</b> stories about dragons.</i></p><p>   🇵🇱 <i>Moja młodsza siostra uwielbia wymyślać historie o smokach.</i></p></div>	invent, fabricate, concoct	fce phrasal-verbs make multi-word-verbs unit-3a type-2
throw (sth) away	<div class="meaning"><p><b>🇵🇱 Znaczenie 1:</b> wyrzucić (do śmieci), pozbyć się</p><p>🇬🇧 <i>to get rid of something you don't want or need any more</i></p></div><div class="meaning"><p><b>🇵🇱 Znaczenie 2:</b> zmarnować (szansę, wysiłek)</p><p>🇬🇧 <i>to waste a chance or an advantage</i></p></div><div class="grammar-note"><b>📝 Gramatyka:</b> <b>Type 2</b> – rozdzielny: throw away the shoes / throw the shoes away / throw them away (NIE throw away them). Długa fraza → po partykule.</div>	<div class="examples"><p>1. <i>Don't <b>throw away</b> those boxes – we can use them when we move.</i></p><p>   🇵🇱 <i>Nie wyrzucaj tych pudeł – przydadzą się przy przeprowadzce.</i></p><p>2. <i>These jeans have a hole in them, so I'm going to <b>throw them away</b>.</i></p><p>   🇵🇱 <i>Te dżinsy mają dziurę, więc je wyrzucę.</i></p><p>3. <i>He <b>threw away</b> the chance to play for the national team.</i></p><p>   🇵🇱 <i>Zmarnował szansę gry w reprezentacji.</i></p><p>4. <i>You've studied so hard – don't <b>throw it all away</b> now.</i></p><p>   🇵🇱 <i>Tak ciężko się uczyłeś – nie zmarnuj tego teraz.</i></p></div>	discard, dispose of, get rid of; (chance) waste	fce phrasal-verbs throw multi-word-verbs unit-3a type-2
pick (sth / sb) up	<div class="meaning"><p><b>🇵🇱 Znaczenie 1:</b> podnieść (z podłogi, ze stołu)</p><p>🇬🇧 <i>to lift something or someone from a surface</i></p></div><div class="meaning"><p><b>🇵🇱 Znaczenie 2:</b> odebrać kogoś / coś (np. z dworca, z poczty)</p><p>🇬🇧 <i>to collect someone or something from a place</i></p></div><div class="meaning"><p><b>🇵🇱 Znaczenie 3:</b> nauczyć się mimochodem (języka, nawyku)</p><p>🇬🇧 <i>to learn a skill or a language without studying it formally</i></p></div><div class="grammar-note"><b>📝 Gramatyka:</b> <b>Type 2</b> – rozdzielny: pick up the kids / pick the kids up / pick them up (NIE pick up them).</div>	<div class="examples"><p>1. <i>The baby dropped her toy, so I <b>picked it up</b>.</i></p><p>   🇵🇱 <i>Dziecko upuściło zabawkę, więc ją podniosłem.</i></p><p>2. <i>I'll <b>pick you up</b> from the station at eight.</i></p><p>   🇵🇱 <i>Odbiorę cię z dworca o ósmej.</i></p><p>3. <i>Can you <b>pick up</b> my parcel from the post office?</i></p><p>   🇵🇱 <i>Możesz odebrać moją paczkę z poczty?</i></p><p>4. <i>She <b>picked up</b> Spanish while she was working in Madrid.</i></p><p>   🇵🇱 <i>Nauczyła się hiszpańskiego, kiedy pracowała w Madrycie.</i></p></div>	lift; collect, fetch; acquire	fce phrasal-verbs pick multi-word-verbs unit-3a type-2
let (sb) down	<div class="meaning"><p><b>🇵🇱 Znaczenie:</b> zawieść kogoś, rozczarować</p><p>🇬🇧 <i>to disappoint someone by not doing what they expected or needed</i></p></div><div class="grammar-note"><b>📝 Gramatyka:</b> <b>Type 2</b> – rozdzielny; osoba zwykle stoi w środku: let me down, let your team down (NIE let down me).</div>	<div class="examples"><p>1. <i>I promised I'd help, and I don't want to <b>let you down</b>.</i></p><p>   🇵🇱 <i>Obiecałem, że pomogę, i nie chcę cię zawieść.</i></p><p>2. <i>Our best player <b>let the team down</b> in the final.</i></p><p>   🇵🇱 <i>Nasz najlepszy zawodnik zawiódł drużynę w finale.</i></p><p>3. <i>Many voters feel <b>let down</b> by the government.</i></p><p>   🇵🇱 <i>Wielu wyborców czuje się zawiedzionych przez rząd.</i></p></div>	disappoint, fail	fce phrasal-verbs let multi-word-verbs unit-3a type-2
put (sth) up	<div class="meaning"><p><b>🇵🇱 Znaczenie 1:</b> powiesić, wywiesić (plakat, obraz, ogłoszenie)</p><p>🇬🇧 <i>to fix something to a wall so that people can see it</i></p></div><div class="meaning"><p><b>🇵🇱 Znaczenie 2:</b> rozstawić, postawić (namiot, płot)</p><p>🇬🇧 <i>to build or raise something, e.g. a tent or a fence</i></p></div><div class="meaning"><p><b>🇵🇱 Znaczenie 3:</b> podnieść (cenę, czynsz)</p><p>🇬🇧 <i>to increase a price</i></p></div><div class="grammar-note"><b>📝 Gramatyka:</b> <b>Type 2</b> – rozdzielny: put up a poster / put a poster up / put it up (NIE put up it). Uwaga: <i>put sb up</i> = przenocować kogoś (osobna karta).</div>	<div class="examples"><p>1. <i>I <b>put up</b> a poster of my favourite band in my room.</i></p><p>   🇵🇱 <i>Powiesiłem w pokoju plakat mojego ulubionego zespołu.</i></p><p>2. <i>It took us twenty minutes to <b>put the tent up</b>.</i></p><p>   🇵🇱 <i>Rozstawienie namiotu zajęło nam dwadzieścia minut.</i></p><p>3. <i>Our landlord is <b>putting up</b> the rent again.</i></p><p>   🇵🇱 <i>Nasz właściciel znowu podnosi czynsz.</i></p></div>	hang, display, erect; (price) raise	fce phrasal-verbs put multi-word-verbs unit-3a type-2
put (sb) up	<div class="meaning"><p><b>🇵🇱 Znaczenie:</b> przenocować kogoś, przyjąć kogoś na noc</p><p>🇬🇧 <i>to let someone stay in your home for a short time</i></p></div><div class="grammar-note"><b>📝 Gramatyka:</b> <b>Type 2</b> – rozdzielny; z osobą w środku: Can you put me up? (NIE put up me). Nie myl z <i>put up with sb/sth</i> = znosić kogoś/coś (Type 4).</div>	<div class="examples"><p>1. <i>Can you <b>put me up</b> for a couple of nights?</i></p><p>   🇵🇱 <i>Czy możesz mnie przenocować przez kilka nocy?</i></p><p>2. <i>My cousin <b>put us up</b> when we visited London.</i></p><p>   🇵🇱 <i>Kuzyn przenocował nas, kiedy byliśmy w Londynie.</i></p></div>	accommodate, house, host	fce phrasal-verbs put multi-word-verbs unit-3a type-2
look into (sth)	<div class="meaning"><p><b>🇵🇱 Znaczenie:</b> zbadać, przyjrzeć się (sprawie), sprawdzić</p><p>🇬🇧 <i>to examine the facts about a problem or a situation</i></p></div><div class="grammar-note"><b>📝 Gramatyka:</b> <b>Type 3</b> – nierozdzielny: look into the problem / look into it (NIE look it into).</div>	<div class="examples"><p>1. <i>Thanks for your complaint – we'll <b>look into it</b> immediately.</i></p><p>   🇵🇱 <i>Dziękujemy za reklamację – natychmiast się temu przyjrzymy.</i></p><p>2. <i>The police are <b>looking into</b> the cause of the accident.</i></p><p>   🇵🇱 <i>Policja bada przyczynę wypadku.</i></p></div>	investigate, examine, explore	fce phrasal-verbs look multi-word-verbs unit-3a type-3
focus on (sth)	<div class="meaning"><p><b>🇵🇱 Znaczenie:</b> skupić się na, skoncentrować się na</p><p>🇬🇧 <i>to give most of your attention to something</i></p></div><div class="grammar-note"><b>📝 Gramatyka:</b> <b>Type 3</b> – nierozdzielny: focus on your goals / focus on it. Wariant: <i>focus your attention on sth</i>.</div>	<div class="examples"><p>1. <i>Turn off your phone and <b>focus on</b> your homework.</i></p><p>   🇵🇱 <i>Wyłącz telefon i skup się na zadaniu domowym.</i></p><p>2. <i>In the exam, <b>focus on</b> what the question is actually asking.</i></p><p>   🇵🇱 <i>Na egzaminie skup się na tym, o co naprawdę chodzi w pytaniu.</i></p></div>	concentrate on, centre on, pay attention to	fce phrasal-verbs focus multi-word-verbs unit-3a type-3
believe in (sth / sb)	<div class="meaning"><p><b>🇵🇱 Znaczenie 1:</b> wierzyć w istnienie czegoś</p><p>🇬🇧 <i>to be sure that something exists</i></p></div><div class="meaning"><p><b>🇵🇱 Znaczenie 2:</b> wierzyć w kogoś / w słuszność czegoś</p><p>🇬🇧 <i>to trust that someone will succeed or that an idea is right</i></p></div><div class="grammar-note"><b>📝 Gramatyka:</b> <b>Type 3</b> – nierozdzielny: believe in ghosts / believe in yourself. Porównaj: <i>believe sb</i> = wierzyć komuś (że mówi prawdę).</div>	<div class="examples"><p>1. <i>Do you <b>believe in</b> ghosts?</i></p><p>   🇵🇱 <i>Wierzysz w duchy?</i></p><p>2. <i>My parents have always <b>believed in</b> me.</i></p><p>   🇵🇱 <i>Rodzice zawsze we mnie wierzyli.</i></p><p>3. <i>I <b>believe in</b> giving everyone a second chance.</i></p><p>   🇵🇱 <i>Uważam, że każdemu należy się druga szansa.</i></p></div>	trust, have faith in, support	fce phrasal-verbs believe multi-word-verbs unit-3a type-3
live for (sth)	<div class="meaning"><p><b>🇵🇱 Znaczenie:</b> żyć czymś / dla czegoś (uważać za najważniejsze w życiu)</p><p>🇬🇧 <i>to consider something the most important thing in your life</i></p></div><div class="grammar-note"><b>📝 Gramatyka:</b> <b>Type 3</b> – nierozdzielny: live for music / live for the weekend / live for it.</div>	<div class="examples"><p>1. <i>My brother <b>lives for</b> football – he watches every match.</i></p><p>   🇵🇱 <i>Mój brat żyje piłką nożną – ogląda każdy mecz.</i></p><p>2. <i>Most of my colleagues just <b>live for</b> the weekend.</i></p><p>   🇵🇱 <i>Większość moich współpracowników żyje tylko weekendem.</i></p></div>	be devoted to, be dedicated to, adore	fce phrasal-verbs live multi-word-verbs unit-3a type-3
be into (sth)	<div class="meaning"><p><b>🇵🇱 Znaczenie:</b> interesować się czymś, lubić coś, „wkręcić się” w coś</p><p>🇬🇧 <i>to be very interested in an activity or a subject (informal)</i></p></div><div class="grammar-note"><b>📝 Gramatyka:</b> <b>Type 3</b> – nierozdzielny; odmieniamy <b>be</b>: I'm into, she's into. Po <i>into</i>: rzeczownik albo <b>-ing</b> (I'm into cooking).</div>	<div class="examples"><p>1. <i>I'm really <b>into</b> photography at the moment.</i></p><p>   🇵🇱 <i>Ostatnio bardzo wciągnęła mnie fotografia.</i></p><p>2. <i>She's not <b>into</b> watching sport on TV.</i></p><p>   🇵🇱 <i>Nie przepada za oglądaniem sportu w telewizji.</i></p></div>	be keen on, be interested in, enjoy	fce phrasal-verbs be multi-word-verbs unit-3a type-3
look after (sb / sth)	<div class="meaning"><p><b>🇵🇱 Znaczenie:</b> opiekować się, dbać o</p><p>🇬🇧 <i>to take care of someone or something</i></p></div><div class="grammar-note"><b>📝 Gramatyka:</b> <b>Type 3</b> – nierozdzielny: look after the kids / look after them (NIE look them after).</div>	<div class="examples"><p>1. <i>Who <b>looks after</b> your dog when you're on holiday?</i></p><p>   🇵🇱 <i>Kto opiekuje się twoim psem, kiedy jesteś na wakacjach?</i></p><p>2. <i>You should <b>look after</b> yourself better and get more sleep.</i></p><p>   🇵🇱 <i>Powinieneś bardziej o siebie dbać i więcej spać.</i></p></div>	take care of, care for, mind	fce phrasal-verbs look multi-word-verbs unit-3a type-3
come up with (sth)	<div class="meaning"><p><b>🇵🇱 Znaczenie:</b> wymyślić, wpaść na (pomysł, rozwiązanie)</p><p>🇬🇧 <i>to think of an idea, a plan or a solution</i></p></div><div class="grammar-note"><b>📝 Gramatyka:</b> <b>Type 4</b> – dwie partykuły, dopełnienie na końcu: come up with an idea / come up with it.</div>	<div class="examples"><p>1. <i>Who <b>came up with</b> the idea of a class trip to Kraków?</i></p><p>   🇵🇱 <i>Kto wpadł na pomysł wycieczki klasowej do Krakowa?</i></p><p>2. <i>We need to <b>come up with</b> a solution before Friday.</i></p><p>   🇵🇱 <i>Musimy wymyślić rozwiązanie przed piątkiem.</i></p></div>	think of, devise, invent	fce phrasal-verbs come multi-word-verbs unit-3a type-4
look down on (sb)	<div class="meaning"><p><b>🇵🇱 Znaczenie:</b> patrzeć na kogoś z góry, lekceważyć kogoś</p><p>🇬🇧 <i>to think that you are better than someone</i></p></div><div class="grammar-note"><b>📝 Gramatyka:</b> <b>Type 4</b>: look down on people / look down on them. Przeciwieństwo: <i>look up to sb</i>.</div>	<div class="examples"><p>1. <i>He <b>looks down on</b> anyone who didn't go to university.</i></p><p>   🇵🇱 <i>Patrzy z góry na każdego, kto nie poszedł na studia.</i></p><p>2. <i>You shouldn't <b>look down on</b> people because of their accent.</i></p><p>   🇵🇱 <i>Nie powinno się patrzeć na ludzi z góry z powodu ich akcentu.</i></p></div>	despise, disdain, scorn	fce phrasal-verbs look multi-word-verbs unit-3a type-4
look up to (sb)	<div class="meaning"><p><b>🇵🇱 Znaczenie:</b> podziwiać kogoś, wzorować się na kimś</p><p>🇬🇧 <i>to admire and respect someone</i></p></div><div class="grammar-note"><b>📝 Gramatyka:</b> <b>Type 4</b>: look up to your parents / look up to her. Nie myl z <i>look sth up</i> (Type 2) = sprawdzić w słowniku.</div>	<div class="examples"><p>1. <i>I've always <b>looked up to</b> my grandfather.</i></p><p>   🇵🇱 <i>Zawsze podziwiałem dziadka.</i></p><p>2. <i>Young players often <b>look up to</b> famous athletes.</i></p><p>   🇵🇱 <i>Młodzi zawodnicy często wzorują się na znanych sportowcach.</i></p></div>	admire, respect, idolise	fce phrasal-verbs look multi-word-verbs unit-3a type-4
run out of (sth)	<div class="meaning"><p><b>🇵🇱 Znaczenie:</b> skończyć się (komuś), zabraknąć (komuś czegoś)</p><p>🇬🇧 <i>to use all of something, so that there is none left</i></p></div><div class="grammar-note"><b>📝 Gramatyka:</b> <b>Type 4</b>: We've run out of milk / run out of it. Gdy podmiotem jest rzecz → <b>Type 1</b> bez <i>of</i>: The milk has run out.</div>	<div class="examples"><p>1. <i>We've <b>run out of</b> coffee – can you buy some?</i></p><p>   🇵🇱 <i>Skończyła nam się kawa – możesz kupić?</i></p><p>2. <i>I <b>ran out of</b> time and couldn't finish the last question.</i></p><p>   🇵🇱 <i>Zabrakło mi czasu i nie dokończyłem ostatniego pytania.</i></p><p>3. <i>Our money <b>ran out</b> after two weeks.</i></p><p>   🇵🇱 <i>Pieniądze skończyły nam się po dwóch tygodniach.</i></p></div>	use up, exhaust, have none left	fce phrasal-verbs run multi-word-verbs unit-3a type-4 type-1
fall out with (sb)	<div class="meaning"><p><b>🇵🇱 Znaczenie:</b> pokłócić się z kimś (i przestać się przyjaźnić)</p><p>🇬🇧 <i>to argue with someone and stop being friendly with them</i></p></div><div class="grammar-note"><b>📝 Gramatyka:</b> <b>Type 4</b>: fall out with a friend / fall out with him. Bez osoby → Type 1: <i>We fell out</i>. Powód kłótni: <i>fall out over sth</i>.</div>	<div class="examples"><p>1. <i>I <b>fell out with</b> my best friend over something really stupid.</i></p><p>   🇵🇱 <i>Pokłóciłem się z najlepszym przyjacielem o coś naprawdę głupiego.</i></p><p>2. <i>She's <b>fallen out with</b> her neighbours again.</i></p><p>   🇵🇱 <i>Znowu pokłóciła się z sąsiadami.</i></p></div>	argue, quarrel, clash	fce phrasal-verbs fall multi-word-verbs unit-3a type-4
go on about (sth)	<div class="meaning"><p><b>🇵🇱 Znaczenie:</b> ciągle o czymś gadać, nudzić o czymś</p><p>🇬🇧 <i>to talk about something for a long time in a boring or annoying way</i></p></div><div class="grammar-note"><b>📝 Gramatyka:</b> <b>Type 4</b>: go on about his car / go on about it. Często z <i>always</i> + Continuous: He's always going on about… Porównaj: <i>go on</i> = kontynuować (Type 1).</div>	<div class="examples"><p>1. <i>He's always <b>going on about</b> how much money he earns.</i></p><p>   🇵🇱 <i>Ciągle gada o tym, ile zarabia.</i></p><p>2. <i>Please stop <b>going on about</b> the exam – you'll be fine!</i></p><p>   🇵🇱 <i>Przestań w kółko gadać o egzaminie – będzie dobrze!</i></p></div>	ramble, harp on, drone on	fce phrasal-verbs go multi-word-verbs unit-3a type-4
get away with (sth)	<div class="meaning"><p><b>🇵🇱 Znaczenie:</b> ujść na sucho, uniknąć kary za coś</p><p>🇬🇧 <i>to do something wrong without being punished or criticised</i></p></div><div class="grammar-note"><b>📝 Gramatyka:</b> <b>Type 4</b>: get away with cheating / get away with it. Po <i>with</i>: rzeczownik albo <b>-ing</b>. Bez <i>with</i> → Type 1: <i>get away</i> = uciec, wyrwać się.</div>	<div class="examples"><p>1. <i>He copied his friend's homework and <b>got away with it</b>.</i></p><p>   🇵🇱 <i>Odpisał pracę domową od kolegi i uszło mu to na sucho.</i></p><p>2. <i>You won't <b>get away with</b> lying to me!</i></p><p>   🇵🇱 <i>Okłamywanie mnie nie ujdzie ci na sucho!</i></p></div>	escape punishment, go unpunished, evade	fce phrasal-verbs get multi-word-verbs unit-3a type-4
get your head around (sth)	<div class="meaning"><p><b>🇵🇱 Znaczenie:</b> ogarnąć, pojąć (coś trudnego lub zaskakującego)</p><p>🇬🇧 <i>to manage to understand something difficult or surprising (informal)</i></p></div><div class="grammar-note"><b>📝 Gramatyka:</b> <b>Idiom</b> (poza tabelą 4 typów): get + my / your / his… + head + around (round) + sth. Najczęściej w przeczeniu: <i>I can't get my head around it.</i></div>	<div class="examples"><p>1. <i>I can't <b>get my head around</b> these new tax rules.</i></p><p>   🇵🇱 <i>Nie mogę ogarnąć tych nowych przepisów podatkowych.</i></p><p>2. <i>It took me a while to <b>get my head around</b> the idea of moving abroad.</i></p><p>   🇵🇱 <i>Trochę mi zajęło, zanim oswoiłem się z myślą o przeprowadzce za granicę.</i></p></div>	grasp, comprehend, make sense of	fce phrasal-verbs get multi-word-verbs unit-3a idiom
be hard up	<div class="meaning"><p><b>🇵🇱 Znaczenie:</b> być spłukanym, klepać biedę</p><p>🇬🇧 <i>to have very little money (informal)</i></p></div><div class="grammar-note"><b>📝 Gramatyka:</b> To <b>nie jest</b> multi-word verb, tylko wyrażenie przymiotnikowe: <b>be + hard up</b> (odmieniamy <i>be</i>: he's hard up, we were hard up). Nie ma dopełnienia.</div>	<div class="examples"><p>1. <i>He's a bit <b>hard up</b> at the moment, so he can't come on the trip.</i></p><p>   🇵🇱 <i>Jest teraz trochę spłukany, więc nie może jechać na wycieczkę.</i></p><p>2. <i>When I was a student, I was always <b>hard up</b>.</i></p><p>   🇵🇱 <i>Kiedy byłem studentem, zawsze byłem bez grosza.</i></p></div>	broke, skint, short of money	fce phrasal-verbs be multi-word-verbs unit-3a idiom
