<div class="tr"><p class="instruction">Która sylaba jest akcentowana?</p><p class="word">op · ti · mis · tic</p></div>	<div class="answer">op·ti·<b><u>MIS</u></b>·tic – 3. sylaba</div><p class="full-sentence">/ˌɒptɪˈmɪstɪk/ – optymistyczny</p>	<div class="explanation"><p><b>📐 Reguła:</b> Przed końcówkami <b>-ic, -tion, -ial, -ious</b> akcent pada na sylabę tuż przed końcówką. Tu: -ic.</p></div>	word-stress	fce use-of-english word-stress pronunciation character-adjectives unit-1a
<div class="tr"><p class="instruction">Która sylaba jest akcentowana?</p><p class="word">in · spir · ing</p></div>	<div class="answer">in·<b><u>SPIR</u></b>·ing – 2. sylaba</div><p class="full-sentence">/ɪnˈspaɪərɪŋ/ – inspirujący</p>	<div class="explanation"><p><b>📐 Reguła:</b> Końcówka <b>-ing</b> nie zmienia akcentu czasownika: in<b>SPIRE</b> → in<b>SPIR</b>ing.</p></div>	word-stress	fce use-of-english word-stress pronunciation character-adjectives unit-1a
<div class="tr"><p class="instruction">Która sylaba jest akcentowana?</p><p class="word">ar · ro · gant</p></div>	<div class="answer"><b><u>AR</u></b>·ro·gant – 1. sylaba</div><p class="full-sentence">/ˈærəɡənt/ – arogancki</p>	<div class="explanation"><p><b>📐 Reguła:</b> Wiele trzysylabowych przymiotników ma akcent na 1. sylabie (<b>AR</b>rogant, <b>SEN</b>sitive, <b>PAS</b>sionate).</p></div>	word-stress	fce use-of-english word-stress pronunciation character-adjectives unit-1a
<div class="tr"><p class="instruction">Która sylaba jest akcentowana?</p><p class="word">am · bi · tious</p></div>	<div class="answer">am·<b><u>BI</u></b>·tious – 2. sylaba</div><p class="full-sentence">/æmˈbɪʃəs/ – ambitny</p>	<div class="explanation"><p><b>📐 Reguła:</b> Przed końcówkami <b>-ic, -tion, -ial, -ious</b> akcent pada na sylabę tuż przed końcówką. Tu: -ious.</p></div>	word-stress	fce use-of-english word-stress pronunciation character-adjectives unit-1a
<div class="tr"><p class="instruction">Która sylaba jest akcentowana?</p><p class="word">pas · sion · ate</p></div>	<div class="answer"><b><u>PAS</u></b>·sion·ate – 1. sylaba</div><p class="full-sentence">/ˈpæʃənət/ – pełen pasji</p>	<div class="explanation"><p><b>📐 Reguła:</b> Akcent jak w rzeczowniku <b>PAS</b>sion – końcówka <i>-ate</i> go nie przesuwa.</p></div>	word-stress	fce use-of-english word-stress pronunciation character-adjectives unit-1a
<div class="tr"><p class="instruction">Która sylaba jest akcentowana?</p><p class="word">self · con · fi · dent</p></div>	<div class="answer">self·<b><u>CON</u></b>·fi·dent – 2. sylaba</div><p class="full-sentence">/ˌselfˈkɒnfɪdənt/ – pewny siebie</p>	<div class="explanation"><p><b>📐 Reguła:</b> W złożeniach z <i>self-</i> główny akcent pada na drugi człon: self-<b>CON</b>fident.</p></div>	word-stress	fce use-of-english word-stress pronunciation character-adjectives unit-1a
<div class="tr"><p class="instruction">Która sylaba jest akcentowana?</p><p class="word">sen · si · tive</p></div>	<div class="answer"><b><u>SEN</u></b>·si·tive – 1. sylaba</div><p class="full-sentence">/ˈsensətɪv/ – wrażliwy</p>	<div class="explanation"><p><b>📐 Reguła:</b> Akcent jak w <b>SENSE</b> – końcówka <i>-itive</i> go nie przesuwa.</p></div>	word-stress	fce use-of-english word-stress pronunciation character-adjectives unit-1a
<div class="tr"><p class="instruction">Która sylaba jest akcentowana?</p><p class="word">de · ter · mined</p></div>	<div class="answer">de·<b><u>TER</u></b>·mined – 2. sylaba</div><p class="full-sentence">/dɪˈtɜːmɪnd/ – zdeterminowany</p>	<div class="explanation"><p><b>📐 Reguła:</b> Akcent jak w czasowniku de<b>TER</b>mine. Uwaga: <i>-mined</i> to jedna sylaba /mɪnd/.</p></div>	word-stress	fce use-of-english word-stress pronunciation character-adjectives unit-1a
<div class="tr"><p class="instruction">Która sylaba jest akcentowana?</p><p class="word">de · ter · mi · na · tion</p></div>	<div class="answer">de·ter·mi·<b><u>NA</u></b>·tion – 4. sylaba</div><p class="full-sentence">/dɪˌtɜːmɪˈneɪʃn/ – determinacja</p>	<div class="explanation"><p><b>📐 Reguła:</b> Przed końcówkami <b>-ic, -tion, -ial, -ious</b> akcent pada na sylabę tuż przed końcówką. Tu: -tion – akcent przesuwa się z de<b>TER</b>mine.</p></div>	word-stress	fce use-of-english word-stress pronunciation character-adjectives unit-1a
<div class="tr"><p class="instruction">Która sylaba jest akcentowana?</p><p class="word">pes · si · mis · tic</p></div>	<div class="answer">pes·si·<b><u>MIS</u></b>·tic – 3. sylaba</div><p class="full-sentence">/ˌpesɪˈmɪstɪk/ – pesymistyczny</p>	<div class="explanation"><p><b>📐 Reguła:</b> Przed końcówkami <b>-ic, -tion, -ial, -ious</b> akcent pada na sylabę tuż przed końcówką. Tu: -ic.</p></div>	word-stress	fce use-of-english word-stress pronunciation character-adjectives unit-1a
<div class="tr"><p class="instruction">Która sylaba jest akcentowana?</p><p class="word">en · vi · ron · ment</p></div>	<div class="answer">en·<b><u>VI</u></b>·ron·ment – 2. sylaba</div><p class="full-sentence">/ɪnˈvaɪrənmənt/ – środowisko</p>	<div class="explanation"><p><b>📐 Reguła:</b> Końcówka <i>-ment</i> nie jest akcentowana; akcent na 2. sylabie: en<b>VI</b>ronment.</p></div>	word-stress	fce use-of-english word-stress pronunciation character-adjectives unit-1a
<div class="tr"><p class="instruction">Która sylaba jest akcentowana?</p><p class="word">en · vi · ron · men · tal</p></div>	<div class="answer">en·vi·ron·<b><u>MEN</u></b>·tal – 4. sylaba</div><p class="full-sentence">/ɪnˌvaɪrənˈmentl/ – środowiskowy, ekologiczny</p>	<div class="explanation"><p><b>📐 Reguła:</b> Po dodaniu <b>-al</b> akcent przesuwa się na <i>-men-</i>: environ<b>MEN</b>tal.</p></div>	word-stress	fce use-of-english word-stress pronunciation character-adjectives unit-1a
<div class="tr"><p class="instruction">Która sylaba jest akcentowana?</p><p class="word">in · flu · en · tial</p></div>	<div class="answer">in·flu·<b><u>EN</u></b>·tial – 3. sylaba</div><p class="full-sentence">/ˌɪnfluˈenʃl/ – wpływowy</p>	<div class="explanation"><p><b>📐 Reguła:</b> Przed końcówkami <b>-ic, -tion, -ial, -ious</b> akcent pada na sylabę tuż przed końcówką. Tu: -ial – akcent przesuwa się z <b>IN</b>fluence.</p></div>	word-stress	fce use-of-english word-stress pronunciation character-adjectives unit-1a
<div class="tr"><p class="instruction">Która sylaba jest akcentowana?</p><p class="word">te · le · vi · sion</p></div>	<div class="answer"><b><u>TE</u></b>·le·vi·sion – 1. sylaba</div><p class="full-sentence">/ˈtelɪvɪʒn/ – telewizja</p>	<div class="explanation"><p><b>📐 Reguła:</b> <b>Wyjątek:</b> mimo końcówki <i>-sion</i> akcent zwykle pada na 1. sylabę: <b>TE</b>levision (por. de<b>CI</b>sion).</p></div>	word-stress	fce use-of-english word-stress pronunciation character-adjectives unit-1a
