competitor	<div class="pos"><b>noun</b></div><div class="ipa">/kəmˈpetɪtə(r)/</div><div class="translation"><b>🇵🇱 zawodnik, rywal; konkurent (firma)</b></div><div class="definition">🇬🇧 a person or team taking part in a competition; a company that sells similar products</div><div class="note"><b>💡 Uwaga:</b> Rodzina wyrazów (Part 3): <i>compete</i> → <i>competition</i> → <i>competitive</i> → <i>competitor</i>.</div>	<div class="example"><p>1. <i>She finished two seconds ahead of her closest <b>competitor</b>.</i></p><p>   🇵🇱 <i>Skończyła dwie sekundy przed swoją najgroźniejszą rywalką.</i></p><p>2. <i>Our main <b>competitor</b> has just lowered its prices.</i></p><p>   🇵🇱 <i>Nasz główny konkurent właśnie obniżył ceny.</i></p></div>	fce vocabulary ability-achievement unit-3a
in spite of (sth / doing sth)	<div class="pos"><b>preposition</b></div><div class="ipa">/ɪn ˈspaɪt əv/</div><div class="translation"><b>🇵🇱 pomimo, mimo</b></div><div class="definition">🇬🇧 without being prevented by something</div><div class="note"><b>💡 Uwaga:</b> Po <i>in spite of</i> stoi rzeczownik albo <b>-ing</b>, nigdy całe zdanie. Synonim bez <i>of</i>: <i>despite</i>. Z całym zdaniem → <i>even though / although</i>.</div>	<div class="example"><p>1. <i>He stays on his feet <b>in spite of</b> being pushed by other players.</i></p><p>   🇵🇱 <i>Utrzymuje się na nogach, mimo że inni zawodnicy go popychają.</i></p><p>2. <i>We went for a walk <b>in spite of</b> the rain.</i></p><p>   🇵🇱 <i>Poszliśmy na spacer pomimo deszczu.</i></p></div>	fce vocabulary ability-achievement unit-3a linking-words
even though	<div class="pos"><b>conjunction</b></div><div class="ipa">/ˈiːvn ðəʊ/</div><div class="translation"><b>🇵🇱 mimo że, chociaż</b></div><div class="definition">🇬🇧 despite the fact that</div><div class="note"><b>💡 Uwaga:</b> Po <i>even though</i> stoi całe zdanie (podmiot + czasownik). Mocniejsze niż <i>although</i>. Samo <i>even</i> nie wystarczy: NIE <i>Even he studied…</i></div>	<div class="example"><p>1. <i><b>Even though</b> all the musicians had talent, only some of them became famous.</i></p><p>   🇵🇱 <i>Mimo że wszyscy muzycy mieli talent, tylko niektórzy stali się sławni.</i></p><p>2. <i>I failed the test <b>even though</b> I'd studied a lot.</i></p><p>   🇵🇱 <i>Oblałem test, mimo że dużo się uczyłem.</i></p></div>	fce vocabulary ability-achievement unit-3a linking-words
be no exception	<div class="pos"><b>phrase</b></div><div class="ipa">/bi nəʊ ɪkˈsepʃn/</div><div class="translation"><b>🇵🇱 nie być wyjątkiem</b></div><div class="definition">🇬🇧 to be the same as all the others in a group</div><div class="note"><b>💡 Uwaga:</b> Rodzina: <i>exception</i> → <i>exceptional</i> (wyjątkowy) → <i>exceptionally</i>.</div>	<div class="example"><p>1. <i>Nearly all top players have long arms, and he's <b>no exception</b>.</i></p><p>   🇵🇱 <i>Prawie wszyscy najlepsi zawodnicy mają długie ręce i on nie jest wyjątkiem.</i></p><p>2. <i>Everyone in my family loves music, and I'm <b>no exception</b>.</i></p><p>   🇵🇱 <i>Wszyscy w mojej rodzinie kochają muzykę i ja nie jestem wyjątkiem.</i></p></div>	fce vocabulary ability-achievement unit-3a
only to (do sth)	<div class="pos"><b>phrase</b></div><div class="ipa">/ˈəʊnli tə/</div><div class="translation"><b>🇵🇱 …a potem okazało się, że…; tylko po to, żeby…</b></div><div class="definition">🇬🇧 used before a disappointing or surprising result of an action</div><div class="note"><b>💡 Uwaga:</b> Zwykle po przecinku, z bezokolicznikiem: <i>only to find / discover / realise</i>. W tekście: <i>only to find out that we're not very good at it</i>.</div>	<div class="example"><p>1. <i>I ran to the station, <b>only to find</b> that the train had already left.</i></p><p>   🇵🇱 <i>Pobiegłem na dworzec, a tam okazało się, że pociąg już odjechał.</i></p><p>2. <i>She studied all weekend, <b>only to discover</b> that the exam had been cancelled.</i></p><p>   🇵🇱 <i>Uczyła się cały weekend, a potem okazało się, że egzamin odwołano.</i></p></div>	fce vocabulary ability-achievement unit-3a
come naturally to sb	<div class="pos"><b>phrase</b></div><div class="ipa">/kʌm ˈnætʃrəli tə/</div><div class="translation"><b>🇵🇱 przychodzić komuś łatwo, naturalnie</b></div><div class="definition">🇬🇧 to be easy for someone to do without having to learn or try hard</div><div class="note"><b>💡 Uwaga:</b> Podmiotem jest <b>czynność</b>, a osoba stoi po <b>to</b>: <i>Singing comes naturally to him</i> (NIE <i>He comes naturally to singing</i>).</div>	<div class="example"><p>1. <i>Languages seem to <b>come naturally to</b> her.</i></p><p>   🇵🇱 <i>Wydaje się, że języki przychodzą jej naturalnie.</i></p><p>2. <i>Public speaking doesn't <b>come naturally to</b> me, so I practise a lot.</i></p><p>   🇵🇱 <i>Wystąpienia publiczne nie przychodzą mi łatwo, więc dużo ćwiczę.</i></p></div>	fce vocabulary ability-achievement unit-3a dependent-prepositions
be born that way	<div class="pos"><b>phrase</b></div><div class="ipa">/bi bɔːn ðæt weɪ/</div><div class="translation"><b>🇵🇱 urodzić się takim, mieć to od urodzenia</b></div><div class="definition">🇬🇧 to have a quality from birth, not because you learned it</div><div class="note"><b>💡 Uwaga:</b> Strona bierna: <i>I was born</i> (NIE <i>I born</i>). Podobnie: <i>be born lucky</i>, <i>be born a leader</i>.</div>	<div class="example"><p>1. <i>Talented people must <b>be born that way</b>.</i></p><p>   🇵🇱 <i>Utalentowani ludzie muszą się tacy rodzić.</i></p><p>2. <i>I'm not naturally organised – I wasn't <b>born that way</b>, I had to learn it.</i></p><p>   🇵🇱 <i>Nie jestem z natury zorganizowany – nie urodziłem się taki, musiałem się tego nauczyć.</i></p></div>	fce vocabulary ability-achievement unit-3a
without a doubt	<div class="pos"><b>phrase (adverb)</b></div><div class="ipa">/wɪˈðaʊt ə daʊt/</div><div class="translation"><b>🇵🇱 bez wątpienia</b></div><div class="definition">🇬🇧 used to say that you are completely certain</div><div class="note"><b>💡 Uwaga:</b> Przydatne w Speaking Part 3–4 i w eseju. Podobnie: <i>no doubt</i>, <i>undoubtedly</i>.</div>	<div class="example"><p>1. <i><b>Without a doubt</b>, some people are brilliant at certain things.</i></p><p>   🇵🇱 <i>Bez wątpienia niektórzy ludzie są wybitni w pewnych dziedzinach.</i></p><p>2. <i>It was <b>without a doubt</b> the best concert I've ever been to.</i></p><p>   🇵🇱 <i>To był bez wątpienia najlepszy koncert, na jakim byłem.</i></p></div>	fce vocabulary ability-achievement unit-3a
there's a lot to be said for (sth / doing sth)	<div class="pos"><b>phrase</b></div><div class="ipa">/ðeəz ə lɒt tə bi sed fə/</div><div class="translation"><b>🇵🇱 wiele przemawia za czymś, coś ma wiele zalet</b></div><div class="definition">🇬🇧 used to say that something has many advantages</div><div class="note"><b>💡 Uwaga:</b> Po <b>for</b>: rzeczownik albo <b>-ing</b>. Świetne w eseju (Writing Part 1) do wprowadzenia argumentu.</div>	<div class="example"><p>1. <i><b>There's a lot to be said for</b> practice.</i></p><p>   🇵🇱 <i>Wiele przemawia za ćwiczeniem.</i></p><p>2. <i><b>There's a lot to be said for</b> learning a little every day.</i></p><p>   🇵🇱 <i>Wiele przemawia za tym, żeby uczyć się po trochu codziennie.</i></p></div>	fce vocabulary ability-achievement unit-3a dependent-prepositions
what it takes (to do sth)	<div class="pos"><b>phrase</b></div><div class="ipa">/wɒt ɪt teɪks/</div><div class="translation"><b>🇵🇱 to, czego potrzeba (żeby coś osiągnąć)</b></div><div class="definition">🇬🇧 the qualities or effort that you need to succeed at something</div><div class="note"><b>💡 Uwaga:</b> <i>have what it takes</i> = mieć predyspozycje, „mieć to coś”.</div>	<div class="example"><p>1. <i>According to Ericsson, that's <b>what it takes</b> to become really skilled.</i></p><p>   🇵🇱 <i>Według Ericssona właśnie tego potrzeba, żeby stać się naprawdę wprawnym.</i></p><p>2. <i>Do you think you have <b>what it takes</b> to be a professional musician?</i></p><p>   🇵🇱 <i>Myślisz, że masz to, czego potrzeba, żeby być zawodowym muzykiem?</i></p></div>	fce vocabulary ability-achievement unit-3a
be meaningful to sb	<div class="pos"><b>adjective + preposition</b></div><div class="ipa">/ˈmiːnɪŋfl tə/</div><div class="translation"><b>🇵🇱 mieć znaczenie dla kogoś, być dla kogoś istotnym</b></div><div class="definition">🇬🇧 important, serious or useful to someone</div><div class="note"><b>💡 Uwaga:</b> Przyimek <b>to</b>. Rodzina: <i>mean</i> → <i>meaning</i> → <i>meaningful</i> / <i>meaningless</i>.</div>	<div class="example"><p>1. <i>If new information is interesting, it'll probably be more <b>meaningful to</b> us.</i></p><p>   🇵🇱 <i>Jeśli nowa informacja jest ciekawa, prawdopodobnie będzie miała dla nas większe znaczenie.</i></p><p>2. <i>The gift was small, but it was very <b>meaningful to</b> her.</i></p><p>   🇵🇱 <i>Prezent był mały, ale wiele dla niej znaczył.</i></p></div>	fce vocabulary ability-achievement unit-3a dependent-prepositions
associate sth with sth	<div class="pos"><b>verb</b></div><div class="ipa">/əˈsəʊʃieɪt/</div><div class="translation"><b>🇵🇱 kojarzyć coś z czymś, łączyć</b></div><div class="definition">🇬🇧 to connect someone or something in your mind with someone or something else</div><div class="note"><b>💡 Uwaga:</b> <b>associate A with B</b> (NIE <i>to</i>). Strona bierna: <i>be associated with</i>. Rzeczownik: <i>association</i>.</div>	<div class="example"><p>1. <i>It helps if we <b>associate</b> new information <b>with</b> something we already know.</i></p><p>   🇵🇱 <i>Pomaga, jeśli kojarzymy nowe informacje z czymś, co już znamy.</i></p><p>2. <i>I always <b>associate</b> the smell of coffee <b>with</b> my grandmother's kitchen.</i></p><p>   🇵🇱 <i>Zapach kawy zawsze kojarzy mi się z kuchnią babci.</i></p></div>	fce vocabulary ability-achievement unit-3a dependent-prepositions
be at your best	<div class="pos"><b>phrase</b></div><div class="ipa">/bi æt jə best/</div><div class="translation"><b>🇵🇱 być w najlepszej formie</b></div><div class="definition">🇬🇧 to be as good, effective or energetic as you can be</div><div class="note"><b>💡 Uwaga:</b> <i>your</i> zmieniamy: <i>at my / his / their best</i>. NIE kalka <i>in my best form</i>.</div>	<div class="example"><p>1. <i>Between ten and midday, most people <b>are at their best</b>.</i></p><p>   🇵🇱 <i>Między dziesiątą a południem większość ludzi jest w najlepszej formie.</i></p><p>2. <i>I'm not <b>at my best</b> first thing in the morning.</i></p><p>   🇵🇱 <i>Z samego rana nie jestem w najlepszej formie.</i></p></div>	fce vocabulary ability-achievement unit-3a
it pays to (do sth)	<div class="pos"><b>phrase</b></div><div class="ipa">/ɪt peɪz tə/</div><div class="translation"><b>🇵🇱 opłaca się (coś zrobić)</b></div><div class="definition">🇬🇧 used to say that doing something brings an advantage</div><div class="note"><b>💡 Uwaga:</b> Podmiot zawsze <b>it</b> + bezokolicznik z <i>to</i>. Podobnie: <i>hard work pays off</i> = ciężka praca się opłaca.</div>	<div class="example"><p>1. <i>If you want to learn something physical, <b>it pays to wait</b> until the afternoon.</i></p><p>   🇵🇱 <i>Jeśli chcesz nauczyć się czegoś fizycznego, opłaca się poczekać do popołudnia.</i></p><p>2. <i><b>It pays to</b> check your answers before you hand in the test.</i></p><p>   🇵🇱 <i>Opłaca się sprawdzić odpowiedzi przed oddaniem testu.</i></p></div>	fce vocabulary ability-achievement unit-3a
be at its peak	<div class="pos"><b>phrase</b></div><div class="ipa">/bi æt ɪts piːk/</div><div class="translation"><b>🇵🇱 być u szczytu, osiągać maksimum</b></div><div class="definition">🇬🇧 to be at the highest or strongest level</div><div class="note"><b>💡 Uwaga:</b> <i>its</i> zmieniamy: <i>athletes are at their peak in their twenties</i>. Porównaj: <i>be at your best</i>.</div>	<div class="example"><p>1. <i>Between 2 pm and 6 pm, our muscle strength <b>is at its peak</b>.</i></p><p>   🇵🇱 <i>Między 14 a 18 nasza siła mięśni jest największa.</i></p><p>2. <i>Traffic <b>is at its peak</b> between 8 and 9 a.m.</i></p><p>   🇵🇱 <i>Ruch jest największy między 8 a 9 rano.</i></p></div>	fce vocabulary ability-achievement unit-3a
early bird / night owl	<div class="pos"><b>noun</b></div><div class="ipa">/ˌɜːli ˈbɜːd/ · /ˈnaɪt aʊl/</div><div class="translation"><b>🇵🇱 ranny ptaszek / nocny marek</b></div><div class="definition">🇬🇧 a person who likes getting up early / a person who likes staying up late</div>	<div class="example"><p>1. <i>Are you an <b>early bird</b> or a <b>night owl</b>?</i></p><p>   🇵🇱 <i>Jesteś rannym ptaszkiem czy nocnym markiem?</i></p><p>2. <i>I'm a real <b>night owl</b> – I do my best work after 10 p.m.</i></p><p>   🇵🇱 <i>Jestem prawdziwym nocnym markiem – najlepiej pracuje mi się po 22.</i></p></div>	fce vocabulary ability-achievement unit-3a extra
first thing (in the morning)	<div class="pos"><b>phrase (adverb)</b></div><div class="ipa">/ˌfɜːst ˈθɪŋ/</div><div class="translation"><b>🇵🇱 z samego rana, zaraz na początku dnia</b></div><div class="definition">🇬🇧 very early in the morning, before doing anything else</div><div class="note"><b>💡 Uwaga:</b> Bez przyimka: <i>first thing tomorrow</i> (NIE <i>in first thing</i>).</div>	<div class="example"><p>1. <i>I'll call you <b>first thing</b> tomorrow.</i></p><p>   🇵🇱 <i>Zadzwonię do ciebie jutro z samego rana.</i></p><p>2. <i>Learning is harder <b>first thing</b>, because the brain needs time to warm up.</i></p><p>   🇵🇱 <i>Z samego rana uczy się trudniej, bo mózg potrzebuje czasu na rozgrzewkę.</i></p></div>	fce vocabulary ability-achievement unit-3a extra
have a talent for (sth / doing sth)	<div class="pos"><b>phrase</b></div><div class="ipa">/hæv ə ˈtælənt fə/</div><div class="translation"><b>🇵🇱 mieć talent do czegoś</b></div><div class="definition">🇬🇧 to have a natural ability to do something well</div><div class="note"><b>💡 Uwaga:</b> Przyimek <b>for</b> (NIE <i>to</i> / <i>in</i>). Przymiotnik: <i>talented</i>.</div>	<div class="example"><p>1. <i>Some people <b>have a talent for</b> kicking a ball around a field.</i></p><p>   🇵🇱 <i>Niektórzy mają talent do kopania piłki na boisku.</i></p><p>2. <i>She <b>has a real talent for</b> languages.</i></p><p>   🇵🇱 <i>Ma prawdziwy talent do języków.</i></p></div>	fce vocabulary ability-achievement unit-3a extra dependent-prepositions
consistency	<div class="pos"><b>noun</b></div><div class="ipa">/kənˈsɪstənsi/</div><div class="translation"><b>🇵🇱 systematyczność, regularność, konsekwencja</b></div><div class="definition">🇬🇧 the quality of always behaving or performing in a similar way</div><div class="note"><b>💡 Uwaga:</b> Przymiotnik: <i>consistent</i> (<i>consistent practice</i>). Z Twojej notatki przy zdaniu <i>Children learn faster than adults</i>.</div>	<div class="example"><p>1. <i>In learning, <b>consistency</b> matters more than talent.</i></p><p>   🇵🇱 <i>W nauce systematyczność liczy się bardziej niż talent.</i></p><p>2. <i>The team's success comes from <b>consistency</b>, not luck.</i></p><p>   🇵🇱 <i>Sukces drużyny bierze się z regularności, a nie ze szczęścia.</i></p></div>	fce vocabulary ability-achievement unit-3a extra
make sense (to sb)	<div class="pos"><b>phrase</b></div><div class="ipa">/meɪk sens/</div><div class="translation"><b>🇵🇱 mieć sens, być zrozumiałym (dla kogoś)</b></div><div class="definition">🇬🇧 to be easy to understand or to be a sensible thing to do</div><div class="note"><b>💡 Uwaga:</b> NIE kalka <i>It has sense</i>. <i>make sense of sth</i> = zrozumieć coś (<i>I couldn't make sense of the instructions</i>).</div>	<div class="example"><p>1. <i>His explanation didn't <b>make sense</b> to me.</i></p><p>   🇵🇱 <i>Jego wyjaśnienie nie miało dla mnie sensu.</i></p><p>2. <i>It <b>makes sense</b> to study difficult subjects in the morning.</i></p><p>   🇵🇱 <i>Sensownie jest uczyć się trudnych przedmiotów rano.</i></p></div>	fce vocabulary ability-achievement unit-3a extra
