<div class="tr"><p class="instruction">🇵🇱 → 🇬🇧 Przetłumacz na angielski:</p><p class="pl-sentence">Mimo że miał talent, nigdy nie ćwiczył.</p><p class="keyword">Użyj: <b>even though</b></p></div>	<div class="answer"><b>Even though he had talent, he never practised.</b></div><p class="full-sentence">✅ Też poprawnie: <i>Even though he was talented, he never practised.</i></p>	<div class="explanation"><p><b>📐 even though + zdanie.</b> Po <i>even though</i> podmiot i czasownik.</p><p><span class="wrong">❌ In spite of he had talent, he never practised.</span></p></div>	translation	fce use-of-english translation ability-achievement unit-3a
<div class="tr"><p class="instruction">🇵🇱 → 🇬🇧 Przetłumacz na angielski:</p><p class="pl-sentence">Pomimo deszczu poszliśmy na spacer.</p><p class="keyword">Użyj: <b>in spite of</b></p></div>	<div class="answer"><b>In spite of the rain, we went for a walk.</b></div><p class="full-sentence">✅ Też poprawnie: <i>Despite the rain, we went for a walk.</i></p>	<div class="explanation"><p><b>📐 in spite of + rzeczownik.</b> Nie zdanie – sam rzeczownik albo <i>-ing</i>.</p><p><span class="wrong">❌ In spite of it was raining, we went for a walk.</span></p></div>	translation	fce use-of-english translation ability-achievement unit-3a
<div class="tr"><p class="instruction">🇵🇱 → 🇬🇧 Przetłumacz na angielski:</p><p class="pl-sentence">Okazało się, że test był łatwiejszy, niż się spodziewaliśmy.</p><p class="keyword">Użyj: <b>turn out</b></p></div>	<div class="answer"><b>It turned out that the test was easier than we had expected.</b></div><p class="full-sentence">✅ Też poprawnie: <i>The test turned out to be easier than we expected.</i></p>	<div class="explanation"><p><b>📐 turn out.</b> Dwie konstrukcje: <i>It turned out that…</i> albo <i>X turned out to be…</i></p></div>	translation	fce use-of-english translation ability-achievement unit-3a
<div class="tr"><p class="instruction">🇵🇱 → 🇬🇧 Przetłumacz na angielski:</p><p class="pl-sentence">Matematyka zawsze przychodziła mi łatwo.</p><p class="keyword">Użyj: <b>come naturally to</b></p></div>	<div class="answer"><b>Maths has always come naturally to me.</b></div><p class="full-sentence">✅ Też poprawnie: <i>Maths always came naturally to me (at school).</i></p>	<div class="explanation"><p><b>📐 come naturally to sb.</b> Podmiotem jest matematyka, a nie ja. Jeśli nadal tak jest – Present Perfect z <i>always</i>.</p><p><span class="wrong">❌ I have always come naturally to maths.</span></p></div>	translation	fce use-of-english translation ability-achievement unit-3a
<div class="tr"><p class="instruction">🇵🇱 → 🇬🇧 Przetłumacz na angielski:</p><p class="pl-sentence">Zapach kawy zawsze kojarzy mi się z kuchnią babci.</p><p class="keyword">Użyj: <b>associate … with</b></p></div>	<div class="answer"><b>I always associate the smell of coffee with my grandmother's kitchen.</b></div><p class="full-sentence">✅ Też poprawnie: <i>I always associate the smell of coffee with my grandma's kitchen.</i></p>	<div class="explanation"><p><b>📐 associate A with B.</b> Podmiotem jest osoba (I), a nie zapach – inaczej niż po polsku.</p><p><span class="wrong">❌ The smell of coffee always associates me with my grandmother's kitchen.</span></p></div>	translation	fce use-of-english translation ability-achievement unit-3a
<div class="tr"><p class="instruction">🇵🇱 → 🇬🇧 Przetłumacz na angielski:</p><p class="pl-sentence">Z samego rana nie jestem w najlepszej formie.</p><p class="keyword">Użyj: <b>be at your best · first thing</b></p></div>	<div class="answer"><b>I'm not at my best first thing in the morning.</b></div>	<div class="explanation"><p><b>📐 be at my best.</b> Nie kalka „w formie”; <i>first thing</i> bez przyimka.</p><p><span class="wrong">❌ I'm not in my best form first thing in the morning.</span></p></div>	translation	fce use-of-english translation ability-achievement unit-3a
<div class="tr"><p class="instruction">🇵🇱 → 🇬🇧 Przetłumacz na angielski:</p><p class="pl-sentence">Opłaca się wcześnie kupować bilety.</p><p class="keyword">Użyj: <b>it pays to</b></p></div>	<div class="answer"><b>It pays to buy tickets early.</b></div><p class="full-sentence">✅ Też poprawnie: <i>It pays to book tickets early.</i></p>	<div class="explanation"><p><b>📐 it pays + to-infinitive.</b> Podmiot zawsze <i>it</i>.</p><p><span class="wrong">❌ It pays buying tickets early.</span></p></div>	translation	fce use-of-english translation ability-achievement unit-3a
<div class="tr"><p class="instruction">🇵🇱 → 🇬🇧 Przetłumacz na angielski:</p><p class="pl-sentence">Czy masz to, czego potrzeba, żeby zostać zawodowym muzykiem?</p><p class="keyword">Użyj: <b>what it takes</b></p></div>	<div class="answer"><b>Do you have what it takes to become a professional musician?</b></div><p class="full-sentence">✅ Też poprawnie: <i>Have you got what it takes to be a professional musician?</i></p>	<div class="explanation"><p><b>📐 have what it takes.</b> Stałe wyrażenie – nie tłumacz słowo w słowo „czego potrzeba”.</p></div>	translation	fce use-of-english translation ability-achievement unit-3a
<div class="tr"><p class="instruction">🇵🇱 → 🇬🇧 Przetłumacz na angielski:</p><p class="pl-sentence">Wiele przemawia za nauką z samego rana.</p><p class="keyword">Użyj: <b>there's a lot to be said for · first thing</b></p></div>	<div class="answer"><b>There's a lot to be said for studying first thing in the morning.</b></div>	<div class="explanation"><p><b>📐 a lot to be said for + -ing.</b> Po <i>for</i> forma <i>-ing</i>.</p><p><span class="wrong">❌ There's a lot to be said for to study first thing in the morning.</span></p></div>	translation	fce use-of-english translation ability-achievement unit-3a
<div class="tr"><p class="instruction">🇵🇱 → 🇬🇧 Przetłumacz na angielski:</p><p class="pl-sentence">Nasza drużyna pokonała ich różnicą dziesięciu punktów.</p><p class="keyword">Użyj: <b>beat</b></p></div>	<div class="answer"><b>Our team beat them by ten points.</b></div><p class="full-sentence">✅ Też poprawnie: <i>We beat them by ten points.</i></p>	<div class="explanation"><p><b>📐 beat sb by + wynik.</b> <b>beat</b> + przeciwnik; <b>win</b> tylko z zawodami lub nagrodą.</p><p><span class="wrong">❌ Our team won them by ten points.</span></p></div>	translation	fce use-of-english translation ability-achievement unit-3a
<div class="tr"><p class="instruction">🇵🇱 → 🇬🇧 Przetłumacz na angielski:</p><p class="pl-sentence">Muszę ćwiczyć codziennie, żeby robić postępy.</p><p class="keyword">Użyj: <b>make progress</b></p></div>	<div class="answer"><b>I have to practise every day to make progress.</b></div><p class="full-sentence">✅ Też poprawnie: <i>I need to practise every day in order to make progress.</i></p>	<div class="explanation"><p><b>📐 make progress.</b> <i>progress</i> jest niepoliczalny – bez <i>a</i>.</p><p><span class="wrong">❌ I have to practise every day to make a progress.</span></p></div>	translation	fce use-of-english translation ability-achievement unit-3a
<div class="tr"><p class="instruction">🇵🇱 → 🇬🇧 Przetłumacz na angielski:</p><p class="pl-sentence">Ta książka jest nudna, ale wytrwam przy niej.</p><p class="keyword">Użyj: <b>stick with</b></p></div>	<div class="answer"><b>This book is boring, but I'll stick with it.</b></div>	<div class="explanation"><p><b>📐 Type 3.</b> Zaimek (<b>it</b>) po partykule.</p><p><span class="wrong">❌ This book is boring, but I'll stick it with.</span></p></div>	translation	fce use-of-english translation ability-achievement unit-3a
<div class="tr"><p class="instruction">🇵🇱 → 🇬🇧 Przetłumacz na angielski:</p><p class="pl-sentence">Z biegiem lat widziałem, jak to się rozwija.</p><p class="keyword">Użyj: <b>see · develop</b></p></div>	<div class="answer"><b>Over the years, I've seen how it has developed.</b></div>	<div class="explanation"><p><b>📐 Present Perfect.</b> Twoje zdanie z notatek – poprawne. <i>Over the years</i> → Present Perfect (ten sam wzorzec co w zdaniu o chórze).</p><p><span class="wrong">❌ Over the years, I saw how it develops.</span></p></div>	translation	fce use-of-english translation ability-achievement unit-3a my-sentences
<div class="tr"><p class="instruction">🇵🇱 → 🇬🇧 Przetłumacz na angielski:</p><p class="pl-sentence">Czy mój angielski jest wystarczająco dobry na egzamin?</p><p class="keyword">Użyj: <b>enough</b></p></div>	<div class="answer"><b>Is my English good enough for the exam?</b></div>	<div class="explanation"><p><b>📐 adjective + enough.</b> <i>enough</i> po przymiotniku.</p><p><span class="wrong">❌ Is my English enough good for the exam?</span></p></div>	translation	fce use-of-english translation ability-achievement unit-3a
<div class="tr"><p class="instruction">🇵🇱 → 🇬🇧 Przetłumacz na angielski:</p><p class="pl-sentence">Nie mamy dość jajek, żeby upiec ciasto.</p><p class="keyword">Użyj: <b>enough</b></p></div>	<div class="answer"><b>We don't have enough eggs to make a cake.</b></div><p class="full-sentence">✅ Też poprawnie: <i>We haven't got enough eggs to bake a cake.</i></p>	<div class="explanation"><p><b>📐 enough + noun.</b> <i>enough</i> przed rzeczownikiem.</p><p><span class="wrong">❌ We don't have eggs enough to make a cake.</span></p></div>	translation	fce use-of-english translation ability-achievement unit-3a
<div class="tr"><p class="instruction">🇵🇱 → 🇬🇧 Przetłumacz na angielski:</p><p class="pl-sentence">Opóźnienie było spowodowane złą pogodą.</p><p class="keyword">Użyj: <b>account for</b></p></div>	<div class="answer"><b>Bad weather accounted for the delay.</b></div>	<div class="explanation"><p><b>📐 Type 3.</b> Podmiotem jest przyczyna (bad weather).</p></div>	translation	fce use-of-english translation ability-achievement unit-3a
<div class="tr"><p class="instruction">🇵🇱 → 🇬🇧 Przetłumacz na angielski:</p><p class="pl-sentence">Nie przychodzi mi do głowy lepszy pomysł.</p><p class="keyword">Użyj: <b>think of</b></p></div>	<div class="answer"><b>I can't think of a better idea.</b></div>	<div class="explanation"><p><b>📐 Type 3.</b> „Przychodzi mi do głowy” = <i>I can think of</i>.</p><p><span class="wrong">❌ I can't think about a better idea.</span></p></div>	translation	fce use-of-english translation ability-achievement unit-3a
<div class="tr"><p class="instruction">🇵🇱 → 🇬🇧 Przetłumacz na angielski:</p><p class="pl-sentence">Najpierw się rozgrzej, a potem biegnij.</p><p class="keyword">Użyj: <b>warm up</b></p></div>	<div class="answer"><b>Warm up first, and then go for a run.</b></div><p class="full-sentence">✅ Też poprawnie: <i>First warm up, then start running.</i></p>	<div class="explanation"><p><b>📐 Type 1.</b> Bez dopełnienia – rozgrzewasz się przed biegiem.</p></div>	translation	fce use-of-english translation ability-achievement unit-3a
<div class="tr"><p class="instruction">🇵🇱 → 🇬🇧 Przetłumacz na angielski:</p><p class="pl-sentence">To był bez wątpienia najlepszy koncert, na jakim byłem.</p><p class="keyword">Użyj: <b>without a doubt</b></p></div>	<div class="answer"><b>It was without a doubt the best concert I've ever been to.</b></div><p class="full-sentence">✅ Też poprawnie: <i>Without a doubt, it was the best concert I've ever been to.</i></p>	<div class="explanation"><p><b>📐 Present Perfect.</b> Po stopniu najwyższym (<i>the best … I've ever…</i>) – Present Perfect.</p><p><span class="wrong">❌ It was without a doubt the best concert I was ever.</span></p></div>	translation	fce use-of-english translation ability-achievement unit-3a
<div class="tr"><p class="instruction">🇵🇱 → 🇬🇧 Przetłumacz na angielski:</p><p class="pl-sentence">Pobiegłem na dworzec, a tam okazało się, że pociąg już odjechał.</p><p class="keyword">Użyj: <b>only to</b></p></div>	<div class="answer"><b>I ran to the station, only to find that the train had already left.</b></div><p class="full-sentence">✅ Też poprawnie: <i>I ran to the station, only to find out that the train had already gone.</i></p>	<div class="explanation"><p><b>📐 only to + bezokolicznik.</b> Wcześniejsza czynność → Past Perfect (<i>had already left</i>).</p></div>	translation	fce use-of-english translation ability-achievement unit-3a
<div class="tr"><p class="instruction">🇵🇱 → 🇬🇧 Przetłumacz na angielski:</p><p class="pl-sentence">Ten problem przykuł uwagę całego zespołu.</p><p class="keyword">Użyj: <b>catch the attention of</b></p></div>	<div class="answer"><b>This problem caught the attention of the whole team.</b></div><p class="full-sentence">✅ Też poprawnie: <i>This problem caught the whole team's attention.</i></p>	<div class="explanation"><p><b>📐 catch – nieregularny.</b> catch – <b>caught</b> – caught.</p><p><span class="wrong">❌ This problem catched the attention of the whole team.</span></p></div>	translation	fce use-of-english translation ability-achievement unit-3a
