<div class="wf"><p>She's very <b>______</b> and wants to run her own company before she's thirty. (<b>AMBITION</b>)</p></div>	<div class="answer"><b>ambitious</b></div><div class="formation"><i>AMBITION → -ion + -ious → AMBITIOUS</i></div><p class="full-sentence">🔊 Akcent: am·<b>BI</b>·tious</p>	<div class="explanation"><p><b>🇵🇱 Wyjaśnienie:</b> Przymiotnik (po <i>very</i>). <b>ambitious</b> = ambitny. Rzeczowniki na <i>-tion</i> często dają przymiotnik na <i>-tious</i> (caution → cautious).</p></div>	word-formation	fce use-of-english word-formation character-adjectives unit-1a
<div class="wf"><p>My history teacher is <b>______</b> about the subject, and it shows in every lesson. (<b>PASSION</b>)</p></div>	<div class="answer"><b>passionate</b></div><div class="formation"><i>PASSION → + -ate → PASSIONATE</i></div><p class="full-sentence">🔊 Akcent: <b>PAS</b>·sion·ate</p>	<div class="explanation"><p><b>🇵🇱 Wyjaśnienie:</b> Przymiotnik (po <i>is</i>, przed <i>about</i>). <b>passionate about sth</b> = pełen pasji do czegoś.</p></div>	word-formation	fce use-of-english word-formation character-adjectives unit-1a
<div class="wf"><p>The shop gives special discounts to reward customer <b>______</b>. (<b>LOYAL</b>)</p></div>	<div class="answer"><b>loyalty</b></div><div class="formation"><i>LOYAL → + -ty → LOYALTY</i></div><p class="full-sentence">🔊 Akcent: <b>LOY</b>·al·ty</p>	<div class="explanation"><p><b>🇵🇱 Wyjaśnienie:</b> Rzeczownik (po <i>customer</i>). <b>customer loyalty</b> = lojalność klientów.</p></div>	word-formation	fce use-of-english word-formation character-adjectives unit-1a
<div class="wf"><p>His <b>______</b> made it very difficult for him to work in a team. (<b>ARROGANT</b>)</p></div>	<div class="answer"><b>arrogance</b></div><div class="formation"><i>ARROGANT → -ant → -ance → ARROGANCE</i></div><p class="full-sentence">🔊 Akcent: <b>AR</b>·ro·gance</p>	<div class="explanation"><p><b>🇵🇱 Wyjaśnienie:</b> Rzeczownik (po <i>His</i>). Przymiotniki na <i>-ant</i> dają rzeczowniki na <i>-ance</i> (important → importance).</p></div>	word-formation	fce use-of-english word-formation character-adjectives unit-1a
<div class="wf"><p>Despite all the problems, the manager remained <b>______</b> that the project would succeed. (<b>OPTIMIST</b>)</p></div>	<div class="answer"><b>optimistic</b></div><div class="formation"><i>OPTIMIST → + -ic → OPTIMISTIC</i></div><p class="full-sentence">🔊 Akcent: op·ti·<b>MIS</b>·tic</p>	<div class="explanation"><p><b>🇵🇱 Wyjaśnienie:</b> Przymiotnik (po <i>remained</i>). Końcówka <i>-ic</i> przesuwa akcent: <b>OP</b>timist → opti<b>MIS</b>tic.</p></div>	word-formation	fce use-of-english word-formation character-adjectives unit-1a
<div class="wf"><p>Don't be so <b>______</b> – I'm sure you'll pass the exam. (<b>PESSIMIST</b>)</p></div>	<div class="answer"><b>pessimistic</b></div><div class="formation"><i>PESSIMIST → + -ic → PESSIMISTIC</i></div><p class="full-sentence">🔊 Akcent: pes·si·<b>MIS</b>·tic</p>	<div class="explanation"><p><b>🇵🇱 Wyjaśnienie:</b> Przymiotnik (po <i>be so</i>). <b>pessimistic</b> = pesymistyczny – przeciwieństwo <i>optimistic</i>.</p></div>	word-formation	fce use-of-english word-formation character-adjectives unit-1a
<div class="wf"><p>It took great <b>______</b> to finish the marathon with an injured knee. (<b>DETERMINE</b>)</p></div>	<div class="answer"><b>determination</b></div><div class="formation"><i>DETERMINE → -e + -ation → DETERMINATION</i></div><p class="full-sentence">🔊 Akcent: de·ter·mi·<b>NA</b>·tion</p>	<div class="explanation"><p><b>🇵🇱 Wyjaśnienie:</b> Rzeczownik (po <i>great</i>). <b>determination</b> = determinacja. Przed <i>-tion</i> akcent zawsze na sylabie tuż przed końcówką.</p></div>	word-formation	fce use-of-english word-formation character-adjectives unit-1a
<div class="wf"><p>She was <b>______</b> to pass the exam, so she studied every evening. (<b>DETERMINE</b>)</p></div>	<div class="answer"><b>determined</b></div><div class="formation"><i>DETERMINE → + -d → DETERMINED</i></div><p class="full-sentence">🔊 Akcent: de·<b>TER</b>·mined</p>	<div class="explanation"><p><b>🇵🇱 Wyjaśnienie:</b> Przymiotnik: <b>be determined to do sth</b> = być zdeterminowanym, żeby coś zrobić (jak w podręczniku: <i>I'm determined to become a millionaire</i>).</p></div>	word-formation	fce use-of-english word-formation character-adjectives unit-1a
<div class="wf"><p>Speaking in public regularly gave him much more <b>______</b>. (<b>CONFIDENT</b>)</p></div>	<div class="answer"><b>confidence</b></div><div class="formation"><i>CONFIDENT → -ent → -ence → CONFIDENCE</i></div><p class="full-sentence">🔊 Akcent: <b>CON</b>·fi·dence</p>	<div class="explanation"><p><b>🇵🇱 Wyjaśnienie:</b> Rzeczownik (po <i>more</i>). Przymiotniki na <i>-ent</i> dają rzeczowniki na <i>-ence</i>. Z przedrostkiem: <i>self-confident → self-confidence</i>.</p></div>	word-formation	fce use-of-english word-formation character-adjectives unit-1a
<div class="wf"><p>Be careful what you say – she's very <b>______</b> to criticism. (<b>SENSE</b>)</p></div>	<div class="answer"><b>sensitive</b></div><div class="formation"><i>SENSE → -e + -itive → SENSITIVE</i></div><p class="full-sentence">🔊 Akcent: <b>SEN</b>·si·tive</p>	<div class="explanation"><p><b>🇵🇱 Wyjaśnienie:</b> Przymiotnik: <b>sensitive to sth</b> = wrażliwy na coś. Uwaga na pułapkę: <i>sensible</i> znaczy „rozsądny”.</p></div>	word-formation	fce use-of-english word-formation character-adjectives unit-1a
<div class="wf"><p>It would be <b>______</b> to book the tickets early, as they sell out fast. (<b>SENSE</b>)</p></div>	<div class="answer"><b>sensible</b></div><div class="formation"><i>SENSE → -e + -ible → SENSIBLE</i></div><p class="full-sentence">🔊 Akcent: <b>SEN</b>·si·ble</p>	<div class="explanation"><p><b>🇵🇱 Wyjaśnienie:</b> Przymiotnik: <b>sensible</b> = rozsądny (NIE „sensowny/wrażliwy”). Pułapka Part 3: z SENSE powstają <i>sensitive</i> i <i>sensible</i> – decyduje sens zdania.</p></div>	word-formation	fce use-of-english word-formation character-adjectives unit-1a
<div class="wf"><p>It was very <b>______</b> of him to laugh at her mistake. (<b>SENSITIVE</b>)</p></div>	<div class="answer"><b>insensitive</b></div><div class="formation"><i>SENSITIVE → in- + SENSITIVE → INSENSITIVE</i></div><p class="full-sentence">🔊 Akcent: in·<b>SEN</b>·si·tive</p>	<div class="explanation"><p><b>🇵🇱 Wyjaśnienie:</b> Sens zdania jest negatywny, więc potrzebny przedrostek przeczący <b>in-</b>. <i>It was insensitive of him</i> = to było z jego strony nietaktowne.</p></div>	word-formation	fce use-of-english word-formation character-adjectives unit-1a
<div class="wf"><p>Her grandmother has always been a great source of <b>______</b> for her. (<b>INSPIRE</b>)</p></div>	<div class="answer"><b>inspiration</b></div><div class="formation"><i>INSPIRE → -e + -ation → INSPIRATION</i></div><p class="full-sentence">🔊 Akcent: in·spi·<b>RA</b>·tion</p>	<div class="explanation"><p><b>🇵🇱 Wyjaśnienie:</b> Rzeczownik (po <i>source of</i>). Akcent się przesuwa: in<b>SPIRE</b> → inspi<b>RA</b>tion. Przymiotnik: <i>inspiring</i>.</p></div>	word-formation	fce use-of-english word-formation character-adjectives unit-1a
<div class="wf"><p>He is one of the most <b>______</b> writers of his generation. (<b>INFLUENCE</b>)</p></div>	<div class="answer"><b>influential</b></div><div class="formation"><i>INFLUENCE → -ce + -tial → INFLUENTIAL</i></div><p class="full-sentence">🔊 Akcent: in·flu·<b>EN</b>·tial</p>	<div class="explanation"><p><b>🇵🇱 Wyjaśnienie:</b> Przymiotnik (po <i>the most</i>). <b>influential</b> = wpływowy. Akcent się przesuwa: <b>IN</b>fluence → influ<b>EN</b>tial.</p></div>	word-formation	fce use-of-english word-formation character-adjectives unit-1a
<div class="wf"><p>Plastic waste is one of the most serious <b>______</b> problems today. (<b>ENVIRONMENT</b>)</p></div>	<div class="answer"><b>environmental</b></div><div class="formation"><i>ENVIRONMENT → + -al → ENVIRONMENTAL</i></div><p class="full-sentence">🔊 Akcent: en·vi·ron·<b>MEN</b>·tal</p>	<div class="explanation"><p><b>🇵🇱 Wyjaśnienie:</b> Przymiotnik przed rzeczownikiem <i>problems</i>. Akcent się przesuwa: en<b>VI</b>ronment → environ<b>MEN</b>tal.</p></div>	word-formation	fce use-of-english word-formation character-adjectives unit-1a
<div class="wf"><p>She is a highly <b>______</b> scientist, and people listen to her opinion. (<b>RESPECT</b>)</p></div>	<div class="answer"><b>respected</b></div><div class="formation"><i>RESPECT → + -ed → RESPECTED</i></div><p class="full-sentence">🔊 Akcent: re·<b>SPEC</b>·ted</p>	<div class="explanation"><p><b>🇵🇱 Wyjaśnienie:</b> <b>respected</b> = szanowany (przez innych). Nie myl z <i>respectful</i> = pełen szacunku (dla innych).</p></div>	word-formation	fce use-of-english word-formation character-adjectives unit-1a
<div class="wf"><p>He lacks <b>______</b> and never finishes what he starts. (<b>MOTIVATE</b>)</p></div>	<div class="answer"><b>motivation</b></div><div class="formation"><i>MOTIVATE → -e + -ion → MOTIVATION</i></div><p class="full-sentence">🔊 Akcent: mo·ti·<b>VA</b>·tion</p>	<div class="explanation"><p><b>🇵🇱 Wyjaśnienie:</b> Rzeczownik (po <i>lacks</i>). Znów <i>-tion</i> → akcent na sylabie przed końcówką.</p></div>	word-formation	fce use-of-english word-formation character-adjectives unit-1a
