Multi-word verbs – what are they?	<div class="formula"><b>📐 Struktura:</b><br><code>verb + particle</code> → sit down, try sth out<br><code>verb + particle + particle</code> → come up with sth</div><div class="usage"><b>📖 Użycie:</b><ul><li>Czasownik + jedna lub dwie partykuły (up, down, off, out, away, into, on, with…) tworzą <b>jedno znaczenie</b>.</li><li>Czasem znaczenie jest dosłowne i łatwe do odgadnięcia: <b>sit down</b> = usiąść, <b>fall down</b> = upaść.</li><li>Częściej jest idiomatyczne i trzeba go uczyć się jak nowego słowa: <b>let sb down</b> = zawieść kogoś, <b>make sth up</b> = zmyślić.</li><li>Inna nazwa: <b>phrasal verbs</b>.</li></ul></div><div class="tip"><b>💡 Wskazówka FCE:</b> Phrasal verbs są wprost sprawdzane w Reading and Use of English Part 1 (multiple-choice cloze). W Part 4 (key word transformation) parafraza może wymagać zamiany zwykłego czasownika na multi-word verb, np. investigate → <b>look into</b>, disappoint → <b>let down</b>, test → <b>try out</b>.</div>	<div class="examples"><p>1. <i>We <b>came up with</b> a new plan and decided to <b>try it out</b> at the weekend.</i></p><p>   🇵🇱 <i>Wymyśliliśmy nowy plan i postanowiliśmy wypróbować go w weekend.</i></p><p>2. <i>Please <b>sit down</b> – the lesson is about to start.</i></p><p>   🇵🇱 <i>Proszę usiąść – lekcja zaraz się zacznie.</i></p><p>3. <i>I promised to help, so I don't want to <b>let</b> my friends <b>down</b>.</i></p><p>   🇵🇱 <i>Obiecałem pomóc, więc nie chcę zawieść przyjaciół.</i></p></div>	<div class="mistakes"><p><span class="wrong">❌ Our team came up a great idea.</span></p><p><span class="correct">✅ Our team came up with a great idea.</span></p><p><b>Wyjaśnienie:</b> Partykuły są częścią czasownika – nie można żadnej pominąć. <b>come up</b> i <b>come up with</b> to różne czasowniki.</p><hr><p><span class="wrong">❌ We ran out from milk.</span></p><p><span class="correct">✅ We ran out of milk.</span></p><p><b>Wyjaśnienie:</b> Partykuły są stałe – nie zamieniaj ich na inne przyimki, które pasują „po polsku” (z → from).</p></div>	fce grammar multi-word-verbs unit-3a basics
Transitive vs intransitive multi-word verbs	<div class="formula"><b>📐 Struktura:</b><br><b>Intransitive</b> (bez dopełnienia): <code>subject + verb + particle</code> → The plane took off.<br><b>Transitive</b> (z dopełnieniem): <code>subject + verb + particle + object</code> → She looks after her brother.</div><div class="usage"><b>📖 Użycie:</b><ul><li><b>Transitive</b> (przechodnie) potrzebują dopełnienia (sth/sb): throw sth away, look after sb.</li><li><b>Intransitive</b> (nieprzechodnie) nie mają dopełnienia: go away, fall down.</li><li>Nieprzechodniego czasownika nie można „użyć na kimś”: <b>NOT</b> <i>go somebody away</i> → <i>tell somebody to go away</i>.</li></ul></div><div class="tip"><b>💡 Wskazówka FCE:</b> Polskie „się” (obudzić się, uspokoić się, poddać się) często podpowiada wersję <b>bez dopełnienia</b>: wake up, calm down, give up.</div>	<div class="examples"><p>1. <i><b>Go away</b>! I'm trying to work.</i></p><p>   🇵🇱 <i>Idź sobie! Próbuję pracować.</i></p><p>2. <i>Could you <b>look after</b> my dog this weekend?</i></p><p>   🇵🇱 <i>Czy możesz zaopiekować się moim psem w ten weekend?</i></p><p>3. <i>The old man slipped and <b>fell down</b>.</i></p><p>   🇵🇱 <i>Starszy mężczyzna poślizgnął się i upadł.</i></p></div>	<div class="mistakes"><p><span class="wrong">❌ The teacher went the noisy students away.</span></p><p><span class="correct">✅ The teacher told the noisy students to go away.</span></p><p><b>Wyjaśnienie:</b> <b>go away</b> jest nieprzechodni – nie może mieć dopełnienia (tu: the students).</p><hr><p><span class="wrong">❌ Don't worry about the problem – I'll look into.</span></p><p><span class="correct">✅ Don't worry about the problem – I'll look into it.</span></p><p><b>Wyjaśnienie:</b> <b>look into</b> jest przechodni – zawsze potrzebuje dopełnienia (tu: it).</p></div>	fce grammar multi-word-verbs unit-3a transitivity
Type 1 – intransitive: verb + particle	<div class="formula"><b>📐 Struktura:</b><br><code>subject + verb + particle</code> (+ okolicznik czasu / miejsca)<br>My alarm went off at six.</div><div class="usage"><b>📖 Użycie:</b><ul><li><b>Brak dopełnienia</b> – po partykule nie ma sth/sb.</li><li>Po partykule może stać okolicznik: stay up <b>late</b>, go away <b>for the weekend</b>.</li><li>Czasowników nieprzechodnich nie używamy w stronie biernej.</li></ul></div><div class="signal-words"><b>🔑 Czasowniki z lekcji:</b> wake up, go away, fall down, stay up, break up, sit down, take off, calm down (+ z notatek: go off, fall apart)</div><div class="tip"><b>💡 Wskazówka FCE:</b> Type 1 często odpowiada polskiemu czasownikowi z „się”: obudzić się, uspokoić się, rozpadać się. Nie tłumacz tego „się” jako <i>myself</i>.</div>	<div class="examples"><p>1. <i>I usually <b>wake up</b> at six, but yesterday my alarm didn't <b>go off</b>.</i></p><p>   🇵🇱 <i>Zwykle budzę się o szóstej, ale wczoraj nie zadzwonił mi budzik.</i></p><p>2. <i>We <b>stayed up</b> until 2 a.m. watching the match.</i></p><p>   🇵🇱 <i>Siedzieliśmy do drugiej w nocy, oglądając mecz.</i></p><p>3. <i>The plane <b>took off</b> on time despite the fog.</i></p><p>   🇵🇱 <i>Samolot wystartował o czasie mimo mgły.</i></p></div>	<div class="mistakes"><p><span class="wrong">❌ I woke up myself at seven.</span></p><p><span class="correct">✅ I woke up at seven.</span></p><p><b>Wyjaśnienie:</b> Polskiego „się” nie tłumaczymy jako <i>myself</i> – <b>wake up</b> już znaczy „obudzić się”.</p><hr><p><span class="wrong">❌ The alarm was gone off at six.</span></p><p><span class="correct">✅ The alarm went off at six.</span></p><p><b>Wyjaśnienie:</b> Czasowniki nieprzechodnie (Type 1) nie mają strony biernej.</p></div>	fce grammar multi-word-verbs unit-3a type-1
Type 2 – transitive, separable: verb + object + particle	<div class="formula"><b>📐 Struktura:</b><br><code>verb + noun/pronoun + particle</code> → throw the box away / throw it away<br><b>OR</b> <code>verb + particle + noun</code> → throw away the box</div><div class="usage"><b>📖 Użycie:</b><ul><li>Dopełnienie może stać <b>między</b> czasownikiem a partykułą albo <b>po</b> partykule.</li><li>Pozycję wybieramy w zależności od tego, czym jest dopełnienie: zaimek / krótka fraza / długa fraza (osobne karty).</li><li>Bez dopełnienia ten sam czasownik bywa Type 1 o innym znaczeniu: take off (wystartować) vs take sth off (zdjąć).</li></ul></div><div class="signal-words"><b>🔑 Czasowniki z lekcji:</b> wake sb up, take sth off, calm sb down, try sth out, figure sth out, make sth up, throw sth away, pick sth up, let sb down (+ z notatek: put sth up, put sb up)</div><div class="tip"><b>💡 Wskazówka FCE:</b> W słowniku Type 2 rozpoznasz po zapisie <b>sth/sb między czasownikiem a partykułą</b>: throw sth away, let sb down.</div>	<div class="examples"><p>1. <i>Can you <b>pick up</b> that pen? / Can you <b>pick</b> that pen <b>up</b>?</i></p><p>   🇵🇱 <i>Możesz podnieść ten długopis?</i></p><p>2. <i>I <b>took off</b> my shoes. / I <b>took</b> my shoes <b>off</b>.</i></p><p>   🇵🇱 <i>Zdjąłem buty.</i></p><p>3. <i>Don't <b>let</b> your team <b>down</b>.</i></p><p>   🇵🇱 <i>Nie zawiedź swojej drużyny.</i></p></div>	<div class="mistakes"><p><span class="wrong">❌ I'll wake up you at seven.</span></p><p><span class="correct">✅ I'll wake you up at seven.</span></p><p><b>Wyjaśnienie:</b> Zaimek (you) w Type 2 stoi między czasownikiem a partykułą.</p><hr><p><span class="wrong">❌ It was hot, so he took off.</span></p><p><span class="correct">✅ It was hot, so he took his jacket off.</span></p><p><b>Wyjaśnienie:</b> Bez dopełnienia <b>take off</b> znaczy „wystartować” (Type 1). Żeby powiedzieć „zdjąć”, musisz dodać co.</p></div>	fce grammar multi-word-verbs unit-3a type-2
Type 2 – word order with pronouns	<div class="formula"><b>📐 Struktura:</b><br><code>verb + PRONOUN + particle</code><br>✅ throw <b>them</b> away &nbsp; ❌ throw away them</div><div class="usage"><b>📖 Użycie:</b><ul><li>Zaimek (it, them, me, you, him, her, us) stoi <b>prawie zawsze między</b> czasownikiem a partykułą.</li><li>To najczęściej testowany punkt szyku multi-word verbs.</li></ul></div><div class="tip"><b>💡 Wskazówka FCE:</b> Zapamiętaj rytm: <i>pick it up, throw it away, try it out, figure it out, put me up, let me down</i>.</div>	<div class="examples"><p>1. <i>Your old notes are useless now – just <b>throw them away</b>.</i></p><p>   🇵🇱 <i>Twoje stare notatki są już bezużyteczne – po prostu je wyrzuć.</i></p><p>2. <i>I can't <b>figure it out</b> – can you help me?</i></p><p>   🇵🇱 <i>Nie mogę tego rozgryźć – pomożesz mi?</i></p><p>3. <i>My flight is at 6 a.m. Can you <b>wake me up</b> at four?</i></p><p>   🇵🇱 <i>Mój lot jest o szóstej rano. Obudzisz mnie o czwartej?</i></p></div>	<div class="mistakes"><p><span class="wrong">❌ Please throw away them!</span></p><p><span class="correct">✅ Please throw them away!</span></p><p><b>Wyjaśnienie:</b> Zaimek nie może stać po partykule w Type 2.</p><hr><p><span class="wrong">❌ That's not true – you made up it!</span></p><p><span class="correct">✅ That's not true – you made it up!</span></p><p><b>Wyjaśnienie:</b> Tak samo z <b>it</b>: make it up, nie make up it.</p></div>	fce grammar multi-word-verbs unit-3a type-2 word-order
Type 2 – word order with short and long noun phrases	<div class="formula"><b>📐 Struktura:</b><br><b>Krótka fraza</b> (do ok. 3 słów): <code>throw those old shoes away</code> = <code>throw away those old shoes</code><br><b>Długa fraza</b>: <code>verb + particle + LONG noun phrase</code> → throw away the shoes that are falling apart</div><div class="usage"><b>📖 Użycie:</b><ul><li>Krótka fraza rzeczownikowa (the box, my old shoes) – obie pozycje są poprawne.</li><li>Długa fraza (np. ze zdaniem względnym who / that / which) – stawiamy ją <b>po partykule</b>.</li><li>Powód: słuchacz nie powinien długo czekać na partykułę, która nadaje czasownikowi znaczenie.</li></ul></div><div class="tip"><b>💡 Wskazówka FCE:</b> W writingu przy długim dopełnieniu bezpieczniej postawić partykułę od razu po czasowniku.</div>	<div class="examples"><p>1. <i>Please <b>throw away</b> all the magazines that are lying under the bed.</i></p><p>   🇵🇱 <i>Proszę, wyrzuć wszystkie czasopisma, które leżą pod łóżkiem.</i></p><p>2. <i>She <b>tried</b> the new camera <b>out</b>. / She <b>tried out</b> the new camera.</i></p><p>   🇵🇱 <i>Wypróbowała nowy aparat.</i></p><p>3. <i>We need to <b>pick up</b> the students who are waiting at the station.</i></p><p>   🇵🇱 <i>Musimy odebrać uczniów, którzy czekają na dworcu.</i></p></div>	<div class="mistakes"><p><span class="wrong">❌ Please throw the magazines that are lying under the bed away.</span></p><p><span class="correct">✅ Please throw away the magazines that are lying under the bed.</span></p><p><b>Wyjaśnienie:</b> Długa fraza z <i>that…</i> powinna stać po partykule.</p><hr><p><span class="wrong">❌ He made the story about his grandfather's adventures in Africa up.</span></p><p><span class="correct">✅ He made up the story about his grandfather's adventures in Africa.</span></p><p><b>Wyjaśnienie:</b> Przy długim dopełnieniu partykuła „ginie” na końcu zdania – przenieś ją za czasownik.</p></div>	fce grammar multi-word-verbs unit-3a type-2 word-order
Type 3 – transitive, inseparable: verb + particle + object	<div class="formula"><b>📐 Struktura:</b><br><code>verb + particle + noun/pronoun</code><br>✅ look after <b>him</b> &nbsp; ❌ look him after</div><div class="usage"><b>📖 Użycie:</b><ul><li>Dopełnienie stoi <b>zawsze po partykule</b> – także zaimek.</li><li>Nic nie wchodzi między czasownik a partykułę (partykuła działa tu jak przyimek).</li><li><b>be into sth</b>: odmieniamy <b>be</b> – I'm into, she's into, they were into.</li></ul></div><div class="signal-words"><b>🔑 Czasowniki z lekcji:</b> look into sth, focus on sth, believe in sth, live for sth, be into sth, look after sb</div><div class="tip"><b>💡 Wskazówka FCE:</b> W słowniku zapis <b>look after sb</b>, <b>look into sth</b> – sth/sb na końcu oznacza, że czasownika nie rozdzielamy.</div>	<div class="examples"><p>1. <i>Calm down! I'll <b>look into it</b>.</i></p><p>   🇵🇱 <i>Spokojnie! Zajmę się tym.</i></p><p>2. <i>My grandma <b>looked after me</b> when my parents were at work.</i></p><p>   🇵🇱 <i>Babcia opiekowała się mną, kiedy rodzice byli w pracy.</i></p><p>3. <i>I'm really <b>into</b> photography at the moment.</i></p><p>   🇵🇱 <i>Ostatnio bardzo wciągnęła mnie fotografia.</i></p></div>	<div class="mistakes"><p><span class="wrong">❌ Who will look the children after?</span></p><p><span class="correct">✅ Who will look after the children?</span></p><p><b>Wyjaśnienie:</b> Type 3 jest nierozdzielny – dopełnienie zawsze po partykule.</p><hr><p><span class="wrong">❌ The police will look it into.</span></p><p><span class="correct">✅ The police will look into it.</span></p><p><b>Wyjaśnienie:</b> Nawet zaimek (it) stoi po partykule – inaczej niż w Type 2.</p></div>	fce grammar multi-word-verbs unit-3a type-3
Type 4 – two particles: verb + particle + particle + object	<div class="formula"><b>📐 Struktura:</b><br><code>verb + particle 1 + particle 2 + noun/pronoun</code><br>✅ run out of <b>it</b> &nbsp; ❌ run it out of</div><div class="usage"><b>📖 Użycie:</b><ul><li>Zawsze ma dopełnienie – stoi ono <b>na końcu</b>, po obu partykułach.</li><li>Nie rozdzielamy: nic nie wchodzi między czasownik a partykuły.</li><li>Jeśli po Type 4 stoi czasownik, ma formę <b>-ing</b>: get away with cheating.</li></ul></div><div class="signal-words"><b>🔑 Czasowniki z lekcji:</b> come up with sth, look down on sb, look up to sb, run out of sth, fall out with sb, go on about sth, get away with sth</div><div class="tip"><b>💡 Wskazówka FCE:</b> Type 4 często zastępuje jeden czasownik: admire → <b>look up to</b>, think of → <b>come up with</b>, argue → <b>fall out with</b>.</div>	<div class="examples"><p>1. <i>How did we <b>run out of</b> bananas again?</i></p><p>   🇵🇱 <i>Jak to możliwe, że znowu skończyły nam się banany?</i></p><p>2. <i>I've always <b>looked up to</b> my older brother.</i></p><p>   🇵🇱 <i>Zawsze podziwiałem starszego brata.</i></p><p>3. <i>He cheated in the test and <b>got away with it</b>.</i></p><p>   🇵🇱 <i>Ściągał na teście i uszło mu to na sucho.</i></p></div>	<div class="mistakes"><p><span class="wrong">❌ We've run out milk.</span></p><p><span class="correct">✅ We've run out of milk.</span></p><p><b>Wyjaśnienie:</b> W Type 4 nie można pominąć drugiej partykuły.</p><hr><p><span class="wrong">❌ He always gets away with to cheat.</span></p><p><span class="correct">✅ He always gets away with cheating.</span></p><p><b>Wyjaśnienie:</b> Po partykule (with) czasownik ma formę -ing.</p></div>	fce grammar multi-word-verbs unit-3a type-4
Verbs that are both transitive and intransitive	<div class="formula"><b>📐 Struktura:</b><br><b>Type 1:</b> <code>subject + verb + particle</code> → The plane took off.<br><b>Type 2:</b> <code>subject + verb + object + particle</code> → I took my shoes off.</div><div class="usage"><b>📖 Użycie:</b><ul><li>Wiele multi-word verbs ma obie wersje: wake up / wake sb up, calm down / calm sb down, give up / give sth up, take off / take sth off.</li><li>Znaczenie może zostać podobne (obudzić się / obudzić kogoś) albo zmienić się całkowicie (wystartować / zdjąć).</li><li>W razie wątpliwości sprawdź w słowniku, czy dana wersja ma dopełnienie.</li></ul></div><div class="signal-words"><b>🔑 Czasowniki z lekcji:</b> wake up, give up, take off, calm down</div><div class="tip"><b>💡 Wskazówka FCE:</b> Zdanie-klucz: <i>When you <b>wake up</b>, try not to <b>wake the dog up</b>!</i></div>	<div class="examples"><p>1. <i>I <b>woke up</b> at five because the neighbours' dog <b>woke me up</b>.</i></p><p>   🇵🇱 <i>Obudziłem się o piątej, bo obudził mnie pies sąsiadów.</i></p><p>2. <i>After the plane <b>took off</b>, I <b>took</b> my shoes <b>off</b>.</i></p><p>   🇵🇱 <i>Po starcie samolotu zdjąłem buty.</i></p><p>3. <i>She was panicking, so I tried to <b>calm her down</b>. Finally she <b>calmed down</b>.</i></p><p>   🇵🇱 <i>Panikowała, więc próbowałem ją uspokoić. W końcu się uspokoiła.</i></p></div>	<div class="mistakes"><p><span class="wrong">❌ The baby woke up me.</span></p><p><span class="correct">✅ The baby woke me up.</span></p><p><b>Wyjaśnienie:</b> Wersja z dopełnieniem to Type 2 – zaimek stoi w środku.</p><hr><p><span class="wrong">❌ She gave up to smoke.</span></p><p><span class="correct">✅ She gave up smoking.</span></p><p><b>Wyjaśnienie:</b> Po <b>give up</b> czasownik ma formę -ing.</p></div>	fce grammar multi-word-verbs unit-3a type-1 type-2
Reading dictionary entries: sth / sb show the type	<div class="formula"><b>📐 Struktura:</b><br>go away → <b>Type 1</b> (brak sth/sb)<br>throw <b>sth</b> away → <b>Type 2</b> (sth w środku)<br>look after <b>sb</b> → <b>Type 3</b> (sb na końcu, jedna partykuła)<br>look up to <b>sb</b> → <b>Type 4</b> (dwie partykuły + sb)</div><div class="usage"><b>📖 Użycie:</b><ul><li>Brak sth/sb = czasownik nieprzechodni (Type 1).</li><li>sth/sb między czasownikiem a partykułą = rozdzielny (Type 2).</li><li>sth/sb na końcu po jednej partykule = nierozdzielny (Type 3).</li><li>Dwie partykuły + sth/sb = Type 4.</li></ul></div><div class="tip"><b>💡 Wskazówka FCE:</b> Zapisuj nowe multi-word verbs <b>zawsze z sth/sb we właściwym miejscu</b> (let sb down, a nie samo let down) – od razu zapamiętasz typ.</div>	<div class="examples"><p>1. <i><b>Go away</b> and leave me alone!</i></p><p>   🇵🇱 <i>Idź sobie i zostaw mnie w spokoju!</i></p><p>2. <i>I trusted you and you <b>let me down</b>.</i></p><p>   🇵🇱 <i>Zaufałem ci, a ty mnie zawiodłeś.</i></p><p>3. <i>Who <b>looks after</b> your cat when you travel?</i></p><p>   🇵🇱 <i>Kto opiekuje się twoim kotem, kiedy podróżujesz?</i></p><p>4. <i>Never <b>look down on</b> people who earn less than you.</i></p><p>   🇵🇱 <i>Nigdy nie patrz z góry na ludzi, którzy zarabiają mniej niż ty.</i></p></div>	<div class="mistakes"><p><span class="wrong">❌ You let down me. (bo w notatkach: „let down = zawieść”)</span></p><p><span class="correct">✅ You let me down. (zapis: let sb down)</span></p><p><b>Wyjaśnienie:</b> Zapis z <b>sb</b> w środku od razu pokazuje, gdzie wstawić zaimek.</p><hr><p><span class="wrong">❌ I'll look him after. (bo w notatkach: „look after = opiekować się”)</span></p><p><span class="correct">✅ I'll look after him. (zapis: look after sb)</span></p><p><b>Wyjaśnienie:</b> Zapis z <b>sb</b> na końcu pokazuje, że czasownika nie rozdzielamy.</p></div>	fce grammar multi-word-verbs unit-3a dictionary-skills
One verb, two types: sth runs out vs sb runs out of sth	<div class="formula"><b>📐 Struktura:</b><br><b>Type 1:</b> <code>thing + run out</code> → The milk has run out.<br><b>Type 4:</b> <code>person + run out of + thing</code> → We've run out of milk.</div><div class="usage"><b>📖 Użycie:</b><ul><li>Druga partykuła „otwiera” miejsce na dopełnienie: run out → run out <b>of</b> sth, break up → break up <b>with</b> sb, fall out → fall out <b>with</b> sb.</li><li>Zwróć uwagę na podmiot: <i>The milk ran out</i> (mleko się skończyło) vs <i>We ran out of milk</i> (skończyło nam się mleko).</li></ul></div><div class="signal-words"><b>🔑 Czasowniki z lekcji:</b> run out (of), break up (with), fall out (with), get away (with)</div><div class="tip"><b>💡 Wskazówka FCE:</b> Typowa transformacja w Part 4: <i>There's no milk left.</i> → <i>We have <b>run out of</b> milk.</i></div>	<div class="examples"><p>1. <i>Time <b>ran out</b> before I finished the last task.</i></p><p>   🇵🇱 <i>Czas się skończył, zanim dokończyłem ostatnie zadanie.</i></p><p>2. <i>We <b>ran out of</b> time before the last task.</i></p><p>   🇵🇱 <i>Zabrakło nam czasu na ostatnie zadanie.</i></p><p>3. <i>Tom and Lisa <b>broke up</b> last month. / Lisa <b>broke up with</b> Tom last month.</i></p><p>   🇵🇱 <i>Tom i Lisa rozstali się w zeszłym miesiącu. / Lisa zerwała z Tomem w zeszłym miesiącu.</i></p></div>	<div class="mistakes"><p><span class="wrong">❌ The milk has run out of.</span></p><p><span class="correct">✅ The milk has run out. / We have run out of milk.</span></p><p><b>Wyjaśnienie:</b> Gdy podmiotem jest rzecz, która się kończy – Type 1 bez <i>of</i>.</p><hr><p><span class="wrong">❌ She broke up him.</span></p><p><span class="correct">✅ She broke up with him.</span></p><p><b>Wyjaśnienie:</b> Z osobą potrzebujesz drugiej partykuły: break up <b>with</b> sb (Type 4).</p></div>	fce grammar multi-word-verbs unit-3a type-1 type-4
