<div class="tr"><p class="instruction">🇵🇱 → 🇬🇧 Przetłumacz na angielski:</p><p class="pl-sentence">W końcu pozbyłem się starej kanapy.</p><p class="keyword">Użyj: <b>get rid of</b></p></div>	<div class="answer"><b>I finally got rid of my old sofa.</b></div>	<div class="explanation"><p><b>📐 get rid of + dopełnienie na końcu.</b> Nic nie wchodzi między <i>get rid of</i> a dopełnienie.</p><p><span class="wrong">❌ I finally got my old sofa rid of.</span></p></div>	translation	fce use-of-english translation expressions-with-get unit-2a type-4
<div class="tr"><p class="instruction">🇵🇱 → 🇬🇧 Przetłumacz na angielski:</p><p class="pl-sentence">Naprawdę trudno pozbyć się złych nawyków.</p><p class="keyword">Użyj: <b>get rid of</b></p></div>	<div class="answer"><b>It's really hard to get rid of bad habits.</b></div><p class="full-sentence">✅ Też poprawnie: <i>Bad habits are really hard to get rid of.</i></p>	<div class="explanation"><p><b>📐 get rid of.</b> W wersji alternatywnej <i>of</i> zostaje na końcu zdania – to normalne.</p></div>	translation	fce use-of-english translation expressions-with-get unit-2a type-4
<div class="tr"><p class="instruction">🇵🇱 → 🇬🇧 Przetłumacz na angielski:</p><p class="pl-sentence">Pozbyłem się starych materiałów budowlanych z piwnicy.</p><p class="keyword">Użyj: <b>get rid of</b></p></div>	<div class="answer"><b>I got rid of some old building materials from my cellar.</b></div><p class="full-sentence">✅ Też poprawnie: <i>I got rid of the old building materials in my cellar.</i></p>	<div class="explanation"><p><b>📐 Twoje zdanie z ćwiczenia d.</b> Było prawie dobrze. Dodaj <i>some</i> (część rzeczy) albo <i>the</i> (konkretne rzeczy z piwnicy).</p></div>	translation	fce use-of-english translation expressions-with-get unit-2a type-4 my-sentences
<div class="tr"><p class="instruction">🇵🇱 → 🇬🇧 Przetłumacz na angielski:</p><p class="pl-sentence">Wszyscy daliśmy się trochę ponieść i zamówiliśmy o wiele za dużo jedzenia.</p><p class="keyword">Użyj: <b>get carried away</b></p></div>	<div class="answer"><b>We all got a bit carried away and ordered far too much food.</b></div><p class="full-sentence">✅ Też poprawnie: <i>We all got a little carried away and ordered way too much food.</i></p>	<div class="explanation"><p><b>📐 get carried away.</b> Bez dopełnienia; <i>a bit</i> stoi między <i>got</i> a <i>carried away</i>.</p><p><span class="wrong">❌ We all got carried a bit away…</span></p></div>	translation	fce use-of-english translation expressions-with-get unit-2a type-1
<div class="tr"><p class="instruction">🇵🇱 → 🇬🇧 Przetłumacz na angielski:</p><p class="pl-sentence">Kiedy jadę nowym samochodem autostradą, trochę mnie ponosi.</p><p class="keyword">Użyj: <b>get carried away</b></p></div>	<div class="answer"><b>When I drive my new car on the motorway, I get a bit carried away.</b></div><p class="full-sentence">✅ Też poprawnie: <i>When I drive my new car on the highway, I get a bit carried away.</i></p>	<div class="explanation"><p><b>📐 Twoje zdanie z ćwiczenia d.</b> „Autostrada” = <b>the motorway</b> (BrE) albo <b>the highway</b> (AmE) – jedno słowo i z <i>the</i>. Po zdaniu z <i>When…</i> na początku stawiamy przecinek.</p><p><span class="wrong">❌ When I drive my new car on a high way I get a bit carried away.</span></p></div>	translation	fce use-of-english translation expressions-with-get unit-2a type-1 my-sentences
<div class="tr"><p class="instruction">🇵🇱 → 🇬🇧 Przetłumacz na angielski:</p><p class="pl-sentence">Nie przesadzaj – potrzebujemy tylko małego tortu.</p><p class="keyword">Użyj: <b>get carried away</b></p></div>	<div class="answer"><b>Don't get carried away – we only need a small cake.</b></div>	<div class="explanation"><p><b>📐 get carried away.</b> „Nie przesadzaj” w sensie „nie daj się ponieść” = <i>Don't get carried away</i>.</p></div>	translation	fce use-of-english translation expressions-with-get unit-2a type-1
<div class="tr"><p class="instruction">🇵🇱 → 🇬🇧 Przetłumacz na angielski:</p><p class="pl-sentence">Nie mam dużo czasu, więc przejdę od razu do rzeczy.</p><p class="keyword">Użyj: <b>get straight to the point</b></p></div>	<div class="answer"><b>I haven't got much time, so I'll get straight to the point.</b></div><p class="full-sentence">✅ Też poprawnie: <i>I don't have much time, so I'll get straight to the point.</i></p>	<div class="explanation"><p><b>📐 Stałe wyrażenie.</b> Decyzja w chwili mówienia → <i>I'll</i>.</p></div>	translation	fce use-of-english translation expressions-with-get unit-2a
<div class="tr"><p class="instruction">🇵🇱 → 🇬🇧 Przetłumacz na angielski:</p><p class="pl-sentence">Przejdź od razu do rzeczy – co się stało?</p><p class="keyword">Użyj: <b>get straight to the point</b></p></div>	<div class="answer"><b>Get straight to the point – what happened?</b></div><p class="full-sentence">✅ Też poprawnie: <i>Just get to the point – what's happened?</i></p>	<div class="explanation"><p><b>📐 Stałe wyrażenie.</b> Tryb rozkazujący: <i>Get straight to the point!</i></p></div>	translation	fce use-of-english translation expressions-with-get unit-2a
<div class="tr"><p class="instruction">🇵🇱 → 🇬🇧 Przetłumacz na angielski:</p><p class="pl-sentence">Z biegiem lat coraz bardziej angażuję się w chór.</p><p class="keyword">Użyj: <b>get involved</b></p></div>	<div class="answer"><b>Over the years, I've got more and more involved in the choir.</b></div><p class="full-sentence">✅ Też poprawnie: <i>I've become more and more involved in the choir over the years.</i></p>	<div class="explanation"><p><b>📐 Twoje zdanie z ćwiczenia d.</b> „Z biegiem lat” = <b>over the years</b> (nie <i>through the years</i>) → zmiana trwająca do teraz, więc <b>Present Perfect</b>. <i>more and more</i> stoi przed <i>involved</i>; bez dodatkowego <i>me</i>.</p><p><span class="wrong">❌ I get involved in the choir me more and more through the years.</span></p></div>	translation	fce use-of-english translation expressions-with-get unit-2a my-sentences
<div class="tr"><p class="instruction">🇵🇱 → 🇬🇧 Przetłumacz na angielski:</p><p class="pl-sentence">Chciałbym bardziej zaangażować się w życie lokalnej społeczności.</p><p class="keyword">Użyj: <b>get involved</b></p></div>	<div class="answer"><b>I'd like to get more involved in the local community.</b></div><p class="full-sentence">✅ Też poprawnie: <i>I would like to get more involved in local community life.</i></p>	<div class="explanation"><p><b>📐 get involved in.</b> <i>more</i> przed <i>involved</i>; przyimek <b>in</b>.</p><p><span class="wrong">❌ I'd like to get involved more to the local community.</span></p></div>	translation	fce use-of-english translation expressions-with-get unit-2a
<div class="tr"><p class="instruction">🇵🇱 → 🇬🇧 Przetłumacz na angielski:</p><p class="pl-sentence">Ten hałas naprawdę działa mi na nerwy.</p><p class="keyword">Użyj: <b>get on sb's nerves</b></p></div>	<div class="answer"><b>That noise is really getting on my nerves.</b></div><p class="full-sentence">✅ Też poprawnie: <i>This noise really gets on my nerves.</i></p>	<div class="explanation"><p><b>📐 get on my nerves.</b> Continuous podkreśla, że irytuje teraz i ciągle.</p><p><span class="wrong">❌ That noise is really getting on the nerves.</span></p></div>	translation	fce use-of-english translation expressions-with-get unit-2a
<div class="tr"><p class="instruction">🇵🇱 → 🇬🇧 Przetłumacz na angielski:</p><p class="pl-sentence">Denerwuje mnie, kiedy ludzie rozmawiają w trakcie filmu.</p><p class="keyword">Użyj: <b>get on sb's nerves</b></p></div>	<div class="answer"><b>It gets on my nerves when people talk during a film.</b></div><p class="full-sentence">✅ Też poprawnie: <i>It really gets on my nerves when people talk during films.</i></p>	<div class="explanation"><p><b>📐 get on my nerves.</b> Ta sama konstrukcja co <i>It annoys me when…</i> – klasyka Part 4.</p></div>	translation	fce use-of-english translation expressions-with-get unit-2a
<div class="tr"><p class="instruction">🇵🇱 → 🇬🇧 Przetłumacz na angielski:</p><p class="pl-sentence">W pracy, kiedy nie rozumiem kolegów podczas dyskusji, czasami działają mi na nerwy.</p><p class="keyword">Użyj: <b>get on sb's nerves</b></p></div>	<div class="answer"><b>At work, when I can't understand my colleagues in discussions, they sometimes get on my nerves.</b></div><p class="full-sentence">✅ Też poprawnie: <i>In my job, when I can't understand my co-workers during discussions, they sometimes get on my nerves.</i></p>	<div class="explanation"><p><b>📐 Twoje zdanie z ćwiczenia d.</b> Poprawnie użyte wyrażenie. Drobiazgi: <i>in discussions</i> (liczba mnoga) i naturalniejsze <i>At work</i>.</p></div>	translation	fce use-of-english translation expressions-with-get unit-2a my-sentences
<div class="tr"><p class="instruction">🇵🇱 → 🇬🇧 Przetłumacz na angielski:</p><p class="pl-sentence">Czasem trudno przekazać uczniom, jak ważna jest nauka języka obcego.</p><p class="keyword">Użyj: <b>get across</b></p></div>	<div class="answer"><b>Sometimes it's hard to get across to students the importance of learning a foreign language.</b></div><p class="full-sentence">✅ Też poprawnie: <i>Sometimes it's hard to get the importance of learning a foreign language across to students.</i></p>	<div class="explanation"><p><b>📐 Type 2 – długie dopełnienie.</b> Dopełnienie jest długie (<i>the importance of…</i>), więc partykuła i <i>to students</i> idą przed nim – reguła z 3A.</p></div>	translation	fce use-of-english translation expressions-with-get unit-2a type-2 my-sentences
<div class="tr"><p class="instruction">🇵🇱 → 🇬🇧 Przetłumacz na angielski:</p><p class="pl-sentence">Świetnie potrafi przekazać swoje pomysły.</p><p class="keyword">Użyj: <b>get across</b></p></div>	<div class="answer"><b>She's really good at getting her ideas across.</b></div><p class="full-sentence">✅ Też poprawnie: <i>He's really good at getting his ideas across.</i></p>	<div class="explanation"><p><b>📐 Type 2 – krótkie dopełnienie.</b> Krótkie <i>her ideas</i> naturalnie w środku; po <i>good at</i> forma <b>-ing</b>.</p><p><span class="wrong">❌ She's really good at get across her ideas.</span></p></div>	translation	fce use-of-english translation expressions-with-get unit-2a type-2
<div class="tr"><p class="instruction">🇵🇱 → 🇬🇧 Przetłumacz na angielski:</p><p class="pl-sentence">Próbowałem mu to wytłumaczyć, ale nie umiałem tego przekazać.</p><p class="keyword">Użyj: <b>get across</b></p></div>	<div class="answer"><b>I tried to explain it to him, but I couldn't get it across.</b></div><p class="full-sentence">✅ Też poprawnie: <i>I tried to explain it to him, but I couldn't get it across to him.</i></p>	<div class="explanation"><p><b>📐 Type 2 – zaimek.</b> Zaimek <b>it</b> w środku: <i>get it across</i>.</p><p><span class="wrong">❌ …but I couldn't get across it.</span></p></div>	translation	fce use-of-english translation expressions-with-get unit-2a type-2
<div class="tr"><p class="instruction">🇵🇱 → 🇬🇧 Przetłumacz na angielski:</p><p class="pl-sentence">Ta deszczowa pogoda naprawdę mnie dołuje.</p><p class="keyword">Użyj: <b>get down</b></p></div>	<div class="answer"><b>This rainy weather really gets me down.</b></div><p class="full-sentence">✅ Też poprawnie: <i>This rainy weather is really getting me down.</i></p>	<div class="explanation"><p><b>📐 Type 2 – zaimek.</b> Zaimek <b>me</b> w środku; podmiotem jest pogoda.</p><p><span class="wrong">❌ This rainy weather really gets down me.</span></p></div>	translation	fce use-of-english translation expressions-with-get unit-2a type-2
<div class="tr"><p class="instruction">🇵🇱 → 🇬🇧 Przetłumacz na angielski:</p><p class="pl-sentence">Nie pozwól, żeby jedna słaba ocena cię zdołowała.</p><p class="keyword">Użyj: <b>get down</b></p></div>	<div class="answer"><b>Don't let one bad mark get you down.</b></div><p class="full-sentence">✅ Też poprawnie: <i>Don't let one bad grade get you down.</i></p>	<div class="explanation"><p><b>📐 Type 2 – zaimek.</b> Po <i>let sb</i> bezokolicznik bez <i>to</i>: <i>let … get you down</i>.</p><p><span class="wrong">❌ Don't let one bad mark to get you down.</span></p></div>	translation	fce use-of-english translation expressions-with-get unit-2a type-2
<div class="tr"><p class="instruction">🇵🇱 → 🇬🇧 Przetłumacz na angielski:</p><p class="pl-sentence">Nie wiem, jak przebrnąłem przez tę rozmowę kwalifikacyjną!</p><p class="keyword">Użyj: <b>get through</b></p></div>	<div class="answer"><b>I don't know how I got through that job interview!</b></div><p class="full-sentence">✅ Też poprawnie: <i>I've no idea how I got through that interview!</i></p>	<div class="explanation"><p><b>📐 Type 3.</b> Dopełnienie po partykule: <i>got through the interview</i>.</p><p><span class="wrong">❌ I don't know how I got that job interview through!</span></p></div>	translation	fce use-of-english translation expressions-with-get unit-2a type-3
<div class="tr"><p class="instruction">🇵🇱 → 🇬🇧 Przetłumacz na angielski:</p><p class="pl-sentence">Po siedmiu latach nauki muzyki zaliczyłem koncert dyplomowy.</p><p class="keyword">Użyj: <b>get through</b></p></div>	<div class="answer"><b>After seven years of studying music, I got through my diploma concert.</b></div><p class="full-sentence">✅ Też poprawnie: <i>After seven years of music studies, I got through my diploma concert.</i></p>	<div class="explanation"><p><b>📐 Twoje zdanie z ćwiczenia d.</b> Dobrze użyte <i>got through</i>. Naturalniej: <i>of studying music</i>, <i>my diploma concert</i> i przecinek po wstępie.</p><p><span class="wrong">❌ After 7 years of music study I got through the diploma concert.</span></p></div>	translation	fce use-of-english translation expressions-with-get unit-2a type-3 my-sentences
<div class="tr"><p class="instruction">🇵🇱 → 🇬🇧 Przetłumacz na angielski:</p><p class="pl-sentence">Próbowałem zadzwonić do banku, ale nie mogłem się dodzwonić.</p><p class="keyword">Użyj: <b>get through</b></p></div>	<div class="answer"><b>I tried to call the bank, but I couldn't get through.</b></div><p class="full-sentence">✅ Też poprawnie: <i>I tried to phone the bank, but I couldn't get through to them.</i></p>	<div class="explanation"><p><b>📐 get through = dodzwonić się.</b> Bez dopełnienia albo z <i>to sb</i>.</p></div>	translation	fce use-of-english translation expressions-with-get unit-2a type-3
<div class="tr"><p class="instruction">🇵🇱 → 🇬🇧 Przetłumacz na angielski:</p><p class="pl-sentence">Musimy wymyślić, jak zaoszczędzić pieniądze.</p><p class="keyword">Użyj: <b>work out</b></p></div>	<div class="answer"><b>We need to work out a way to save money.</b></div><p class="full-sentence">✅ Też poprawnie: <i>We need to work out how to save money.</i></p>	<div class="explanation"><p><b>📐 Type 2.</b> Długie dopełnienie (<i>a way to…</i> / <i>how to…</i>) po partykule.</p><p><span class="wrong">❌ We need to work a way to save money out.</span></p></div>	translation	fce use-of-english translation expressions-with-get unit-2a type-2
<div class="tr"><p class="instruction">🇵🇱 → 🇬🇧 Przetłumacz na angielski:</p><p class="pl-sentence">Nie potrafię obliczyć, ile jesteśmy ci winni.</p><p class="keyword">Użyj: <b>work out</b></p></div>	<div class="answer"><b>I can't work out how much we owe you.</b></div>	<div class="explanation"><p><b>📐 Type 2.</b> Dopełnieniem jest pytanie zależne (<i>how much…</i>) – stoi po partykule, w szyku twierdzącym.</p><p><span class="wrong">❌ I can't work out how much do we owe you.</span></p></div>	translation	fce use-of-english translation expressions-with-get unit-2a type-2
<div class="tr"><p class="instruction">🇵🇱 → 🇬🇧 Przetłumacz na angielski:</p><p class="pl-sentence">Oddzwonię od razu.</p><p class="keyword">Użyj: <b>straight away</b></p></div>	<div class="answer"><b>I'll call you back straight away.</b></div><p class="full-sentence">✅ Też poprawnie: <i>I'll ring you back straight away.</i></p>	<div class="explanation"><p><b>📐 straight away.</b> Na końcu zdania. Przy okazji <i>call you back</i> – Type 2 z zaimkiem w środku.</p><p><span class="wrong">❌ I'll straight away call you back.</span></p></div>	translation	fce use-of-english translation expressions-with-get unit-2a
<div class="tr"><p class="instruction">🇵🇱 → 🇬🇧 Przetłumacz na angielski:</p><p class="pl-sentence">Kiedy wróciłem do domu, od razu poszedłem spać.</p><p class="keyword">Użyj: <b>straight away</b></p></div>	<div class="answer"><b>When I got home, I went to bed straight away.</b></div><p class="full-sentence">✅ Też poprawnie: <i>When I got home, I went straight to bed.</i></p>	<div class="explanation"><p><b>📐 straight away.</b> „Wrócić do domu” = <b>get home</b> – kolejne wyrażenie z <i>get</i> (bez <i>to</i>).</p><p><span class="wrong">❌ When I got to home, I went to bed straight away.</span></p></div>	translation	fce use-of-english translation expressions-with-get unit-2a
<div class="tr"><p class="instruction">🇵🇱 → 🇬🇧 Przetłumacz na angielski:</p><p class="pl-sentence">Szliśmy do domu, kiedy nagle zaczęło padać.</p><p class="keyword">Użyj: <b>all of a sudden</b></p></div>	<div class="answer"><b>We were walking home when all of a sudden it started to rain.</b></div><p class="full-sentence">✅ Też poprawnie: <i>We were walking home when, all of a sudden, it started raining.</i></p>	<div class="explanation"><p><b>📐 all of a sudden.</b> Past Continuous (tło) + Past Simple (nagłe zdarzenie).</p></div>	translation	fce use-of-english translation expressions-with-get unit-2a
<div class="tr"><p class="instruction">🇵🇱 → 🇬🇧 Przetłumacz na angielski:</p><p class="pl-sentence">Uznaliśmy, że najlepsze będzie bezpośrednie podejście.</p><p class="keyword">Użyj: <b>a direct approach</b></p></div>	<div class="answer"><b>We decided that a direct approach would be best.</b></div><p class="full-sentence">✅ Też poprawnie: <i>We decided a direct approach would be the best option.</i></p>	<div class="explanation"><p><b>📐 a direct approach.</b> Po <i>decided</i> w przeszłości: <i>would be</i>.</p><p><span class="wrong">❌ We decided that direct approach would be the best.</span></p></div>	translation	fce use-of-english translation expressions-with-get unit-2a
