<div class="tr"><p class="instruction">🇵🇱 → 🇬🇧 Przetłumacz na angielski:</p><p class="pl-sentence">Zwykle budzę się o szóstej, ale dziś nie zadzwonił mi budzik.</p><p class="keyword">Użyj: <b>wake up · go off</b></p></div>	<div class="answer"><b>I usually wake up at six, but today my alarm didn't go off.</b></div>	<div class="explanation"><p><b>📐 Type 1 – bez dopełnienia.</b> Oba czasowniki są nieprzechodnie. „Budzę się” to po prostu <b>wake up</b>, a podmiotem <b>go off</b> jest budzik.</p><p><span class="wrong">❌ I usually wake up myself at six…</span></p></div>	translation	fce use-of-english translation multi-word-verbs unit-3a type-1
<div class="tr"><p class="instruction">🇵🇱 → 🇬🇧 Przetłumacz na angielski:</p><p class="pl-sentence">Idź sobie! Próbuję się skupić.</p><p class="keyword">Użyj: <b>go away</b></p></div>	<div class="answer"><b>Go away! I'm trying to concentrate.</b></div>	<div class="explanation"><p><b>📐 Type 1 – bez dopełnienia.</b> <b>go away</b> nie ma dopełnienia – nie można „odesłać kogoś” tym czasownikiem (NIE go somebody away).</p></div>	translation	fce use-of-english translation multi-word-verbs unit-3a type-1
<div class="tr"><p class="instruction">🇵🇱 → 🇬🇧 Przetłumacz na angielski:</p><p class="pl-sentence">Ból głowy nie minął, więc poszedłem do lekarza.</p><p class="keyword">Użyj: <b>go away</b></p></div>	<div class="answer"><b>My headache didn't go away, so I went to the doctor.</b></div><p class="full-sentence">✅ Też poprawnie: <i>The headache didn't go away, so I went to see a doctor.</i></p>	<div class="explanation"><p><b>📐 Type 1 – bez dopełnienia.</b> <b>go away</b> w znaczeniu „minąć, zniknąć” – podmiotem jest ból.</p></div>	translation	fce use-of-english translation multi-word-verbs unit-3a type-1
<div class="tr"><p class="instruction">🇵🇱 → 🇬🇧 Przetłumacz na angielski:</p><p class="pl-sentence">Mój dziadek poślizgnął się na lodzie i upadł.</p><p class="keyword">Użyj: <b>fall down</b></p></div>	<div class="answer"><b>My grandfather slipped on the ice and fell down.</b></div>	<div class="explanation"><p><b>📐 Type 1 – bez dopełnienia.</b> <b>fall down</b> – nieprzechodni, bez dopełnienia i bez „się”.</p></div>	translation	fce use-of-english translation multi-word-verbs unit-3a type-1
<div class="tr"><p class="instruction">🇵🇱 → 🇬🇧 Przetłumacz na angielski:</p><p class="pl-sentence">Wczoraj siedziałem do trzeciej w nocy, żeby skończyć projekt.</p><p class="keyword">Użyj: <b>stay up</b></p></div>	<div class="answer"><b>Yesterday I stayed up until 3 a.m. to finish the project.</b></div><p class="full-sentence">✅ Też poprawnie: <i>I stayed up until three in the morning yesterday to finish the project.</i></p>	<div class="explanation"><p><b>📐 Type 1 – bez dopełnienia.</b> Po <b>stay up</b> stoi okolicznik czasu (until 3 a.m.), a nie dopełnienie.</p></div>	translation	fce use-of-english translation multi-word-verbs unit-3a type-1
<div class="tr"><p class="instruction">🇵🇱 → 🇬🇧 Przetłumacz na angielski:</p><p class="pl-sentence">Rozstali się po trzech latach.</p><p class="keyword">Użyj: <b>break up</b></p></div>	<div class="answer"><b>They broke up after three years.</b></div><p class="full-sentence">✅ Też poprawnie: <i>They broke up after three years together.</i></p>	<div class="explanation"><p><b>📐 Type 1 – bez dopełnienia.</b> Dwie osoby jako podmiot → <b>break up</b> bez dopełnienia. Z jedną osobą: <i>She broke up with him</i> (Type 4).</p></div>	translation	fce use-of-english translation multi-word-verbs unit-3a type-1
<div class="tr"><p class="instruction">🇵🇱 → 🇬🇧 Przetłumacz na angielski:</p><p class="pl-sentence">Przepraszam, przerywa ci – oddzwonię za chwilę.</p><p class="keyword">Użyj: <b>break up</b></p></div>	<div class="answer"><b>Sorry, you're breaking up – I'll call you back in a minute.</b></div>	<div class="explanation"><p><b>📐 Type 1 – bez dopełnienia.</b> <b>break up</b> o słabym sygnale; podmiotem jest rozmówca (<i>you're breaking up</i>). Uwaga: <i>call you back</i> to Type 2 z zaimkiem w środku.</p></div>	translation	fce use-of-english translation multi-word-verbs unit-3a type-1
<div class="tr"><p class="instruction">🇵🇱 → 🇬🇧 Przetłumacz na angielski:</p><p class="pl-sentence">Proszę, usiądź – musimy porozmawiać.</p><p class="keyword">Użyj: <b>sit down</b></p></div>	<div class="answer"><b>Please sit down – we need to talk.</b></div><p class="full-sentence">✅ Też poprawnie: <i>Sit down, please – we need to talk.</i></p>	<div class="explanation"><p><b>📐 Type 1 – bez dopełnienia.</b> <b>sit down</b> – bez dopełnienia i bez <i>yourself</i>.</p></div>	translation	fce use-of-english translation multi-word-verbs unit-3a type-1
<div class="tr"><p class="instruction">🇵🇱 → 🇬🇧 Przetłumacz na angielski:</p><p class="pl-sentence">Samolot wystartował z dwugodzinnym opóźnieniem.</p><p class="keyword">Użyj: <b>take off</b></p></div>	<div class="answer"><b>The plane took off two hours late.</b></div><p class="full-sentence">✅ Też poprawnie: <i>The plane took off with a two-hour delay.</i></p>	<div class="explanation"><p><b>📐 Type 1 – bez dopełnienia.</b> <b>take off</b> bez dopełnienia = wystartować.</p></div>	translation	fce use-of-english translation multi-word-verbs unit-3a type-1
<div class="tr"><p class="instruction">🇵🇱 → 🇬🇧 Przetłumacz na angielski:</p><p class="pl-sentence">Uspokój się! Wszystko będzie dobrze.</p><p class="keyword">Użyj: <b>calm down</b></p></div>	<div class="answer"><b>Calm down! Everything will be fine.</b></div><p class="full-sentence">✅ Też poprawnie: <i>Calm down! Everything's going to be OK.</i></p>	<div class="explanation"><p><b>📐 Type 1 – bez dopełnienia.</b> „Uspokój się” = <b>calm down</b> – polskiego „się” nie tłumaczymy jako <i>yourself</i>.</p></div>	translation	fce use-of-english translation multi-word-verbs unit-3a type-1
<div class="tr"><p class="instruction">🇵🇱 → 🇬🇧 Przetłumacz na angielski:</p><p class="pl-sentence">Nie poddawaj się – jesteś już blisko!</p><p class="keyword">Użyj: <b>give up</b></p></div>	<div class="answer"><b>Don't give up – you're almost there!</b></div><p class="full-sentence">✅ Też poprawnie: <i>Don't give up – you're so close!</i></p>	<div class="explanation"><p><b>📐 Type 1 – bez dopełnienia.</b> <b>give up</b> bez dopełnienia = poddać się.</p></div>	translation	fce use-of-english translation multi-word-verbs unit-3a type-1
<div class="tr"><p class="instruction">🇵🇱 → 🇬🇧 Przetłumacz na angielski:</p><p class="pl-sentence">Mleko się zepsuło – nie pij go.</p><p class="keyword">Użyj: <b>go off</b></p></div>	<div class="answer"><b>The milk has gone off – don't drink it.</b></div>	<div class="explanation"><p><b>📐 Type 1 – bez dopełnienia.</b> <b>go off</b> o jedzeniu = zepsuć się. Present Perfect, bo skutek jest widoczny teraz.</p><p><span class="wrong">❌ The milk has gone off itself.</span></p></div>	translation	fce use-of-english translation multi-word-verbs unit-3a type-1
<div class="tr"><p class="instruction">🇵🇱 → 🇬🇧 Przetłumacz na angielski:</p><p class="pl-sentence">Nasze plany legły w gruzach, kiedy odwołano lot.</p><p class="keyword">Użyj: <b>fall apart</b></p></div>	<div class="answer"><b>Our plans fell apart when the flight was cancelled.</b></div><p class="full-sentence">✅ Też poprawnie: <i>Our plans fell apart when our flight was cancelled.</i></p>	<div class="explanation"><p><b>📐 Type 1 – bez dopełnienia.</b> <b>fall apart</b> – nieprzechodni; o planach, związkach, ludziach = posypać się, załamać się.</p></div>	translation	fce use-of-english translation multi-word-verbs unit-3a type-1
<div class="tr"><p class="instruction">🇵🇱 → 🇬🇧 Przetłumacz na angielski:</p><p class="pl-sentence">Czas się skończył, zanim dokończyłem pisać.</p><p class="keyword">Użyj: <b>run out</b></p></div>	<div class="answer"><b>Time ran out before I finished writing.</b></div>	<div class="explanation"><p><b>📐 Type 1 – bez dopełnienia.</b> Podmiotem jest rzecz, która się kończy (time) → <b>run out</b> bez <i>of</i>. Porównaj: <i>I ran out of time</i> (Type 4).</p><p><span class="wrong">❌ Time ran out of before I finished writing.</span></p></div>	translation	fce use-of-english translation multi-word-verbs unit-3a type-1
<div class="tr"><p class="instruction">🇵🇱 → 🇬🇧 Przetłumacz na angielski:</p><p class="pl-sentence">Obudź mnie o siódmej, proszę.</p><p class="keyword">Użyj: <b>wake up</b></p></div>	<div class="answer"><b>Please wake me up at seven.</b></div><p class="full-sentence">✅ Też poprawnie: <i>Wake me up at seven, please.</i></p>	<div class="explanation"><p><b>📐 Type 2 – rozdzielny.</b> Dopełnienie to zaimek (<b>me</b>) → stoi między czasownikiem a partykułą.</p><p><span class="wrong">❌ Please wake up me at seven.</span></p></div>	translation	fce use-of-english translation multi-word-verbs unit-3a type-2
<div class="tr"><p class="instruction">🇵🇱 → 🇬🇧 Przetłumacz na angielski:</p><p class="pl-sentence">Bądź cicho, bo obudzisz dziecko!</p><p class="keyword">Użyj: <b>wake up</b></p></div>	<div class="answer"><b>Be quiet or you'll wake the baby up!</b></div><p class="full-sentence">✅ Też poprawnie: <i>Be quiet or you'll wake up the baby!</i></p>	<div class="explanation"><p><b>📐 Type 2 – rozdzielny.</b> Krótka fraza (<b>the baby</b>) może stać w środku albo po partykule.</p></div>	translation	fce use-of-english translation multi-word-verbs unit-3a type-2
<div class="tr"><p class="instruction">🇵🇱 → 🇬🇧 Przetłumacz na angielski:</p><p class="pl-sentence">Kiedy się obudzisz, postaraj się nie obudzić psa!</p><p class="keyword">Użyj: <b>wake up</b></p></div>	<div class="answer"><b>When you wake up, try not to wake the dog up!</b></div><p class="full-sentence">✅ Też poprawnie: <i>When you wake up, try not to wake up the dog!</i></p>	<div class="explanation"><p><b>📐 Type 1 + Type 2.</b> Ten sam czasownik: bez dopełnienia (obudzić się) i z dopełnieniem (obudzić psa).</p></div>	translation	fce use-of-english translation multi-word-verbs unit-3a type-1 type-2
<div class="tr"><p class="instruction">🇵🇱 → 🇬🇧 Przetłumacz na angielski:</p><p class="pl-sentence">Zdejmij buty, zanim wejdziesz do salonu.</p><p class="keyword">Użyj: <b>take off</b></p></div>	<div class="answer"><b>Take your shoes off before you go into the living room.</b></div><p class="full-sentence">✅ Też poprawnie: <i>Take off your shoes before you go into the living room.</i></p>	<div class="explanation"><p><b>📐 Type 2 – rozdzielny.</b> <b>take sth off</b> = zdjąć. Krótka fraza (your shoes) – obie pozycje poprawne.</p></div>	translation	fce use-of-english translation multi-word-verbs unit-3a type-2
<div class="tr"><p class="instruction">🇵🇱 → 🇬🇧 Przetłumacz na angielski:</p><p class="pl-sentence">Te buty są mokre – zdejmij je!</p><p class="keyword">Użyj: <b>take off</b></p></div>	<div class="answer"><b>These shoes are wet – take them off!</b></div>	<div class="explanation"><p><b>📐 Type 2 – rozdzielny.</b> Zaimek (<b>them</b>) zawsze w środku.</p><p><span class="wrong">❌ These shoes are wet – take off them!</span></p></div>	translation	fce use-of-english translation multi-word-verbs unit-3a type-2
<div class="tr"><p class="instruction">🇵🇱 → 🇬🇧 Przetłumacz na angielski:</p><p class="pl-sentence">Kiedy samolot wystartował, zdjąłem buty i zasnąłem.</p><p class="keyword">Użyj: <b>take off (×2)</b></p></div>	<div class="answer"><b>When the plane took off, I took my shoes off and fell asleep.</b></div><p class="full-sentence">✅ Też poprawnie: <i>When the plane took off, I took off my shoes and fell asleep.</i></p>	<div class="explanation"><p><b>📐 Type 1 + Type 2.</b> <b>take off</b> bez dopełnienia = wystartować; <b>take sth off</b> = zdjąć.</p></div>	translation	fce use-of-english translation multi-word-verbs unit-3a type-1 type-2
<div class="tr"><p class="instruction">🇵🇱 → 🇬🇧 Przetłumacz na angielski:</p><p class="pl-sentence">Uspokój się i pomóż mi uspokoić dzieci.</p><p class="keyword">Użyj: <b>calm down (×2)</b></p></div>	<div class="answer"><b>Calm down and help me calm the children down.</b></div><p class="full-sentence">✅ Też poprawnie: <i>Calm down and help me calm down the children.</i></p>	<div class="explanation"><p><b>📐 Type 1 + Type 2.</b> „Uspokoić się” = <b>calm down</b>; „uspokoić kogoś” = <b>calm sb down</b>.</p></div>	translation	fce use-of-english translation multi-word-verbs unit-3a type-1 type-2
<div class="tr"><p class="instruction">🇵🇱 → 🇬🇧 Przetłumacz na angielski:</p><p class="pl-sentence">Była tak zdenerwowana, że nie mogłem jej uspokoić.</p><p class="keyword">Użyj: <b>calm down</b></p></div>	<div class="answer"><b>She was so upset that I couldn't calm her down.</b></div><p class="full-sentence">✅ Też poprawnie: <i>She was so nervous that I couldn't calm her down.</i></p>	<div class="explanation"><p><b>📐 Type 2 – rozdzielny.</b> Zaimek (<b>her</b>) w środku.</p><p><span class="wrong">❌ …I couldn't calm down her.</span></p></div>	translation	fce use-of-english translation multi-word-verbs unit-3a type-2
<div class="tr"><p class="instruction">🇵🇱 → 🇬🇧 Przetłumacz na angielski:</p><p class="pl-sentence">Kupiłem nową aplikację i chcę ją dziś wypróbować.</p><p class="keyword">Użyj: <b>try out</b></p></div>	<div class="answer"><b>I've bought a new app and I want to try it out today.</b></div><p class="full-sentence">✅ Też poprawnie: <i>I bought a new app and I want to try it out today.</i></p>	<div class="explanation"><p><b>📐 Type 2 – rozdzielny.</b> Zaimek (<b>it</b>) w środku.</p><p><span class="wrong">❌ …I want to try out it today.</span></p></div>	translation	fce use-of-english translation multi-word-verbs unit-3a type-2
<div class="tr"><p class="instruction">🇵🇱 → 🇬🇧 Przetłumacz na angielski:</p><p class="pl-sentence">Wpadliśmy na kilka dobrych pomysłów i postanowiliśmy je wypróbować.</p><p class="keyword">Użyj: <b>come up with · try out</b></p></div>	<div class="answer"><b>We came up with some good ideas and decided to try them out.</b></div>	<div class="explanation"><p><b>📐 Type 4 + Type 2.</b> <b>come up with</b> – dopełnienie po obu partykułach; <b>try sth out</b> – zaimek w środku.</p><p><span class="wrong">❌ …and decided to try out them.</span></p></div>	translation	fce use-of-english translation multi-word-verbs unit-3a type-2 type-4
<div class="tr"><p class="instruction">🇵🇱 → 🇬🇧 Przetłumacz na angielski:</p><p class="pl-sentence">Nie mogę tego rozgryźć!</p><p class="keyword">Użyj: <b>figure out</b></p></div>	<div class="answer"><b>I can't figure it out!</b></div>	<div class="explanation"><p><b>📐 Type 2 – rozdzielny.</b> „Tego” = <b>it</b> → zaimek w środku.</p><p><span class="wrong">❌ I can't figure out it!</span></p></div>	translation	fce use-of-english translation multi-word-verbs unit-3a type-2
<div class="tr"><p class="instruction">🇵🇱 → 🇬🇧 Przetłumacz na angielski:</p><p class="pl-sentence">Musimy wymyślić, jak dojechać na lotnisko.</p><p class="keyword">Użyj: <b>figure out</b></p></div>	<div class="answer"><b>We need to figure out how to get to the airport.</b></div><p class="full-sentence">✅ Też poprawnie: <i>We have to figure out how to get to the airport.</i></p>	<div class="explanation"><p><b>📐 Type 2 – rozdzielny.</b> Dopełnieniem jest całe pytanie (<b>how to get…</b>) – długa fraza, więc stoi po partykule.</p><p><span class="wrong">❌ We need to figure how to get to the airport out.</span></p></div>	translation	fce use-of-english translation multi-word-verbs unit-3a type-2
<div class="tr"><p class="instruction">🇵🇱 → 🇬🇧 Przetłumacz na angielski:</p><p class="pl-sentence">Nie wierzę ci – zmyśliłeś to!</p><p class="keyword">Użyj: <b>make up</b></p></div>	<div class="answer"><b>I don't believe you – you made it up!</b></div><p class="full-sentence">✅ Też poprawnie: <i>I don't believe you – you've made it up!</i></p>	<div class="explanation"><p><b>📐 Type 2 – rozdzielny.</b> Zaimek (<b>it</b>) w środku.</p><p><span class="wrong">❌ …you made up it!</span></p></div>	translation	fce use-of-english translation multi-word-verbs unit-3a type-2
<div class="tr"><p class="instruction">🇵🇱 → 🇬🇧 Przetłumacz na angielski:</p><p class="pl-sentence">Zmyślił wymówkę, żeby nie przyjść na spotkanie.</p><p class="keyword">Użyj: <b>make up</b></p></div>	<div class="answer"><b>He made up an excuse so that he didn't have to come to the meeting.</b></div><p class="full-sentence">✅ Też poprawnie: <i>He made an excuse up so he didn't have to go to the meeting.</i></p>	<div class="explanation"><p><b>📐 Type 2 – rozdzielny.</b> Krótka fraza (<b>an excuse</b>) – obie pozycje poprawne; częściej po partykule.</p></div>	translation	fce use-of-english translation multi-word-verbs unit-3a type-2
<div class="tr"><p class="instruction">🇵🇱 → 🇬🇧 Przetłumacz na angielski:</p><p class="pl-sentence">Te gazety są stare – wyrzuć je.</p><p class="keyword">Użyj: <b>throw away</b></p></div>	<div class="answer"><b>These newspapers are old – throw them away.</b></div>	<div class="explanation"><p><b>📐 Type 2 – rozdzielny.</b> Zaimek (<b>them</b>) w środku.</p><p><span class="wrong">❌ These newspapers are old – throw away them.</span></p></div>	translation	fce use-of-english translation multi-word-verbs unit-3a type-2
<div class="tr"><p class="instruction">🇵🇱 → 🇬🇧 Przetłumacz na angielski:</p><p class="pl-sentence">Wyrzuć stare buty, które od lat leżą w szafie!</p><p class="keyword">Użyj: <b>throw away</b></p></div>	<div class="answer"><b>Throw away the old shoes that have been lying in the wardrobe for years!</b></div>	<div class="explanation"><p><b>📐 Type 2 – rozdzielny.</b> Długa fraza ze zdaniem względnym (<b>the old shoes that…</b>) → po partykule.</p><p><span class="wrong">❌ Throw the old shoes that have been lying in the wardrobe for years away!</span></p></div>	translation	fce use-of-english translation multi-word-verbs unit-3a type-2
<div class="tr"><p class="instruction">🇵🇱 → 🇬🇧 Przetłumacz na angielski:</p><p class="pl-sentence">Czy możesz podnieść tę kartkę z podłogi?</p><p class="keyword">Użyj: <b>pick up</b></p></div>	<div class="answer"><b>Can you pick up that piece of paper from the floor?</b></div><p class="full-sentence">✅ Też poprawnie: <i>Could you pick that piece of paper up off the floor?</i></p>	<div class="explanation"><p><b>📐 Type 2 – rozdzielny.</b> Fraza rzeczownikowa jest krótka – obie pozycje są poprawne; przy dłuższej frazie naturalniej postawić ją po partykule.</p></div>	translation	fce use-of-english translation multi-word-verbs unit-3a type-2
<div class="tr"><p class="instruction">🇵🇱 → 🇬🇧 Przetłumacz na angielski:</p><p class="pl-sentence">Odbiorę cię z dworca o ósmej.</p><p class="keyword">Użyj: <b>pick up</b></p></div>	<div class="answer"><b>I'll pick you up from the station at eight.</b></div><p class="full-sentence">✅ Też poprawnie: <i>I'll pick you up at the station at eight.</i></p>	<div class="explanation"><p><b>📐 Type 2 – rozdzielny.</b> <b>pick sb up</b> = odebrać kogoś. Zaimek (<b>you</b>) w środku.</p><p><span class="wrong">❌ I'll pick up you from the station at eight.</span></p></div>	translation	fce use-of-english translation multi-word-verbs unit-3a type-2
<div class="tr"><p class="instruction">🇵🇱 → 🇬🇧 Przetłumacz na angielski:</p><p class="pl-sentence">Nauczyła się włoskiego, kiedy mieszkała w Rzymie.</p><p class="keyword">Użyj: <b>pick up</b></p></div>	<div class="answer"><b>She picked up Italian while she was living in Rome.</b></div><p class="full-sentence">✅ Też poprawnie: <i>She picked up Italian when she lived in Rome.</i></p>	<div class="explanation"><p><b>📐 Type 2 – rozdzielny.</b> <b>pick up</b> = nauczyć się mimochodem. Z nazwą języka zwykle po partykule.</p></div>	translation	fce use-of-english translation multi-word-verbs unit-3a type-2
<div class="tr"><p class="instruction">🇵🇱 → 🇬🇧 Przetłumacz na angielski:</p><p class="pl-sentence">Obiecałeś, że przyjdziesz. Nie zawiedź mnie!</p><p class="keyword">Użyj: <b>let down</b></p></div>	<div class="answer"><b>You promised you'd come. Don't let me down!</b></div><p class="full-sentence">✅ Też poprawnie: <i>You promised to come. Don't let me down!</i></p>	<div class="explanation"><p><b>📐 Type 2 – rozdzielny.</b> Zaimek (<b>me</b>) w środku.</p><p><span class="wrong">❌ Don't let down me!</span></p></div>	translation	fce use-of-english translation multi-word-verbs unit-3a type-2
<div class="tr"><p class="instruction">🇵🇱 → 🇬🇧 Przetłumacz na angielski:</p><p class="pl-sentence">Nie chcę zawieść rodziców.</p><p class="keyword">Użyj: <b>let down</b></p></div>	<div class="answer"><b>I don't want to let my parents down.</b></div><p class="full-sentence">✅ Też poprawnie: <i>I don't want to let down my parents.</i></p>	<div class="explanation"><p><b>📐 Type 2 – rozdzielny.</b> Krótka fraza (<b>my parents</b>) – obie pozycje poprawne; z osobą częściej w środku.</p></div>	translation	fce use-of-english translation multi-word-verbs unit-3a type-2
<div class="tr"><p class="instruction">🇵🇱 → 🇬🇧 Przetłumacz na angielski:</p><p class="pl-sentence">Powiesiłem nad biurkiem nowy plakat.</p><p class="keyword">Użyj: <b>put up</b></p></div>	<div class="answer"><b>I put up a new poster above my desk.</b></div><p class="full-sentence">✅ Też poprawnie: <i>I put a new poster up above my desk.</i></p>	<div class="explanation"><p><b>📐 Type 2 – rozdzielny.</b> <b>put sth up</b> = powiesić. Krótka fraza (a new poster) – obie pozycje poprawne.</p></div>	translation	fce use-of-english translation multi-word-verbs unit-3a type-2
<div class="tr"><p class="instruction">🇵🇱 → 🇬🇧 Przetłumacz na angielski:</p><p class="pl-sentence">Możesz mnie przenocować w sobotę?</p><p class="keyword">Użyj: <b>put up</b></p></div>	<div class="answer"><b>Can you put me up on Saturday?</b></div><p class="full-sentence">✅ Też poprawnie: <i>Could you put me up on Saturday night?</i></p>	<div class="explanation"><p><b>📐 Type 2 – rozdzielny.</b> <b>put sb up</b> = przenocować kogoś. Zaimek (<b>me</b>) w środku.</p><p><span class="wrong">❌ Can you put up me on Saturday?</span></p></div>	translation	fce use-of-english translation multi-word-verbs unit-3a type-2
<div class="tr"><p class="instruction">🇵🇱 → 🇬🇧 Przetłumacz na angielski:</p><p class="pl-sentence">Ciocia nas przenocowała, kiedy byliśmy w Gdańsku.</p><p class="keyword">Użyj: <b>put up</b></p></div>	<div class="answer"><b>My aunt put us up when we were in Gdańsk.</b></div>	<div class="explanation"><p><b>📐 Type 2 – rozdzielny.</b> Zaimek (<b>us</b>) w środku.</p><p><span class="wrong">❌ My aunt put up us when we were in Gdańsk.</span></p></div>	translation	fce use-of-english translation multi-word-verbs unit-3a type-2
<div class="tr"><p class="instruction">🇵🇱 → 🇬🇧 Przetłumacz na angielski:</p><p class="pl-sentence">Miesiąc temu rzuciłem cukier.</p><p class="keyword">Użyj: <b>give up</b></p></div>	<div class="answer"><b>I gave up sugar a month ago.</b></div><p class="full-sentence">✅ Też poprawnie: <i>I gave sugar up a month ago.</i></p>	<div class="explanation"><p><b>📐 Type 2 – rozdzielny.</b> <b>give sth up</b> = rzucić coś. Krótka fraza – obie pozycje poprawne.</p></div>	translation	fce use-of-english translation multi-word-verbs unit-3a type-2
<div class="tr"><p class="instruction">🇵🇱 → 🇬🇧 Przetłumacz na angielski:</p><p class="pl-sentence">Uwielbiał grać w tenisa, ale po kontuzji musiał z tego zrezygnować.</p><p class="keyword">Użyj: <b>give up</b></p></div>	<div class="answer"><b>He loved playing tennis, but he had to give it up after his injury.</b></div><p class="full-sentence">✅ Też poprawnie: <i>He loved playing tennis, but after his injury he had to give it up.</i></p>	<div class="explanation"><p><b>📐 Type 2 – rozdzielny.</b> „Z tego” = <b>it</b> → zaimek w środku.</p><p><span class="wrong">❌ …he had to give up it after his injury.</span></p></div>	translation	fce use-of-english translation multi-word-verbs unit-3a type-2
<div class="tr"><p class="instruction">🇵🇱 → 🇬🇧 Przetłumacz na angielski:</p><p class="pl-sentence">Spokojnie! Zajmę się tym.</p><p class="keyword">Użyj: <b>look into</b></p></div>	<div class="answer"><b>Calm down! I'll look into it.</b></div><p class="full-sentence">✅ Też poprawnie: <i>Don't worry! I'll look into it.</i></p>	<div class="explanation"><p><b>📐 Type 3 – nierozdzielny.</b> W Type 3 zaimek (<b>it</b>) stoi <b>po</b> partykule – odwrotnie niż w Type 2.</p><p><span class="wrong">❌ Calm down! I'll look it into.</span></p></div>	translation	fce use-of-english translation multi-word-verbs unit-3a type-3
<div class="tr"><p class="instruction">🇵🇱 → 🇬🇧 Przetłumacz na angielski:</p><p class="pl-sentence">Policja bada przyczynę pożaru.</p><p class="keyword">Użyj: <b>look into</b></p></div>	<div class="answer"><b>The police are looking into the cause of the fire.</b></div>	<div class="explanation"><p><b>📐 Type 3 – nierozdzielny.</b> Dopełnienie po partykule. Uwaga: <i>the police</i> łączy się z liczbą mnogą (are).</p><p><span class="wrong">❌ The police are looking the cause of the fire into.</span></p></div>	translation	fce use-of-english translation multi-word-verbs unit-3a type-3
<div class="tr"><p class="instruction">🇵🇱 → 🇬🇧 Przetłumacz na angielski:</p><p class="pl-sentence">Skup się na pytaniu, a nie na zegarze.</p><p class="keyword">Użyj: <b>focus on</b></p></div>	<div class="answer"><b>Focus on the question, not on the clock.</b></div><p class="full-sentence">✅ Też poprawnie: <i>Focus on the question, not the clock.</i></p>	<div class="explanation"><p><b>📐 Type 3 – nierozdzielny.</b> Dopełnienie zawsze po <b>on</b>.</p></div>	translation	fce use-of-english translation multi-word-verbs unit-3a type-3
<div class="tr"><p class="instruction">🇵🇱 → 🇬🇧 Przetłumacz na angielski:</p><p class="pl-sentence">To ważne – musimy się na tym skupić.</p><p class="keyword">Użyj: <b>focus on</b></p></div>	<div class="answer"><b>It's important – we need to focus on it.</b></div><p class="full-sentence">✅ Też poprawnie: <i>This is important – we have to focus on it.</i></p>	<div class="explanation"><p><b>📐 Type 3 – nierozdzielny.</b> Zaimek (<b>it</b>) po partykule: focus on it.</p><p><span class="wrong">❌ …we need to focus it on.</span></p></div>	translation	fce use-of-english translation multi-word-verbs unit-3a type-3
<div class="tr"><p class="instruction">🇵🇱 → 🇬🇧 Przetłumacz na angielski:</p><p class="pl-sentence">Wierzysz w duchy?</p><p class="keyword">Użyj: <b>believe in</b></p></div>	<div class="answer"><b>Do you believe in ghosts?</b></div>	<div class="explanation"><p><b>📐 Type 3 – nierozdzielny.</b> <b>believe in sth</b> = wierzyć w istnienie czegoś.</p><p><span class="wrong">❌ Do you believe ghosts?</span></p></div>	translation	fce use-of-english translation multi-word-verbs unit-3a type-3
<div class="tr"><p class="instruction">🇵🇱 → 🇬🇧 Przetłumacz na angielski:</p><p class="pl-sentence">Nikt we mnie nie wierzył, ale mi się udało.</p><p class="keyword">Użyj: <b>believe in</b></p></div>	<div class="answer"><b>Nobody believed in me, but I did it.</b></div><p class="full-sentence">✅ Też poprawnie: <i>No one believed in me, but I succeeded.</i></p>	<div class="explanation"><p><b>📐 Type 3 – nierozdzielny.</b> Zaimek (<b>me</b>) po partykule. <i>believe me</i> znaczyłoby „wierzyć mi (że mówię prawdę)”.</p><p><span class="wrong">❌ Nobody believed me in, but I did it.</span></p></div>	translation	fce use-of-english translation multi-word-verbs unit-3a type-3
<div class="tr"><p class="instruction">🇵🇱 → 🇬🇧 Przetłumacz na angielski:</p><p class="pl-sentence">Mój brat żyje muzyką.</p><p class="keyword">Użyj: <b>live for</b></p></div>	<div class="answer"><b>My brother lives for music.</b></div>	<div class="explanation"><p><b>📐 Type 3 – nierozdzielny.</b> Dopełnienie po <b>for</b>; Present Simple, 3. osoba: <i>lives</i>.</p></div>	translation	fce use-of-english translation multi-word-verbs unit-3a type-3
<div class="tr"><p class="instruction">🇵🇱 → 🇬🇧 Przetłumacz na angielski:</p><p class="pl-sentence">Ostatnio bardzo wciągnęło mnie gotowanie.</p><p class="keyword">Użyj: <b>be into</b></p></div>	<div class="answer"><b>I'm really into cooking at the moment.</b></div><p class="full-sentence">✅ Też poprawnie: <i>I've been really into cooking lately.</i></p>	<div class="explanation"><p><b>📐 Type 3 – nierozdzielny.</b> <b>be into + -ing</b>. Odmieniamy <i>be</i>; podmiotem jest osoba, nie hobby.</p><p><span class="wrong">❌ Cooking is really into me.</span></p></div>	translation	fce use-of-english translation multi-word-verbs unit-3a type-3
<div class="tr"><p class="instruction">🇵🇱 → 🇬🇧 Przetłumacz na angielski:</p><p class="pl-sentence">Kto opiekuje się twoimi dziećmi, kiedy jesteś w pracy?</p><p class="keyword">Użyj: <b>look after</b></p></div>	<div class="answer"><b>Who looks after your children when you're at work?</b></div><p class="full-sentence">✅ Też poprawnie: <i>Who looks after your kids while you're at work?</i></p>	<div class="explanation"><p><b>📐 Type 3 – nierozdzielny.</b> Dopełnienie po partykule.</p><p><span class="wrong">❌ Who looks your children after when you're at work?</span></p></div>	translation	fce use-of-english translation multi-word-verbs unit-3a type-3
<div class="tr"><p class="instruction">🇵🇱 → 🇬🇧 Przetłumacz na angielski:</p><p class="pl-sentence">Babcia jest chora, więc się nią opiekuję.</p><p class="keyword">Użyj: <b>look after</b></p></div>	<div class="answer"><b>My grandma is ill, so I'm looking after her.</b></div><p class="full-sentence">✅ Też poprawnie: <i>My grandmother is sick, so I'm looking after her.</i></p>	<div class="explanation"><p><b>📐 Type 3 – nierozdzielny.</b> Zaimek (<b>her</b>) po partykule – odwrotnie niż w Type 2.</p><p><span class="wrong">❌ …so I'm looking her after.</span></p></div>	translation	fce use-of-english translation multi-word-verbs unit-3a type-3
<div class="tr"><p class="instruction">🇵🇱 → 🇬🇧 Przetłumacz na angielski:</p><p class="pl-sentence">Kto wpadł na ten pomysł?</p><p class="keyword">Użyj: <b>come up with</b></p></div>	<div class="answer"><b>Who came up with this idea?</b></div><p class="full-sentence">✅ Też poprawnie: <i>Who came up with that idea?</i></p>	<div class="explanation"><p><b>📐 Type 4 – dwie partykuły.</b> Dopełnienie po obu partykułach.</p><p><span class="wrong">❌ Who came up this idea with?</span></p></div>	translation	fce use-of-english translation multi-word-verbs unit-3a type-4
<div class="tr"><p class="instruction">🇵🇱 → 🇬🇧 Przetłumacz na angielski:</p><p class="pl-sentence">Musimy wymyślić lepsze rozwiązanie.</p><p class="keyword">Użyj: <b>come up with</b></p></div>	<div class="answer"><b>We need to come up with a better solution.</b></div><p class="full-sentence">✅ Też poprawnie: <i>We have to come up with a better solution.</i></p>	<div class="explanation"><p><b>📐 Type 4 – dwie partykuły.</b> Nie pomijaj <b>with</b>.</p><p><span class="wrong">❌ We need to come up a better solution.</span></p></div>	translation	fce use-of-english translation multi-word-verbs unit-3a type-4
<div class="tr"><p class="instruction">🇵🇱 → 🇬🇧 Przetłumacz na angielski:</p><p class="pl-sentence">On patrzy z góry na ludzi, którzy nie mówią po angielsku.</p><p class="keyword">Użyj: <b>look down on</b></p></div>	<div class="answer"><b>He looks down on people who don't speak English.</b></div>	<div class="explanation"><p><b>📐 Type 4 – dwie partykuły.</b> Długie czy krótkie – dopełnienie w Type 4 zawsze na końcu.</p></div>	translation	fce use-of-english translation multi-word-verbs unit-3a type-4
<div class="tr"><p class="instruction">🇵🇱 → 🇬🇧 Przetłumacz na angielski:</p><p class="pl-sentence">Zawsze podziwiałem swoją starszą siostrę.</p><p class="keyword">Użyj: <b>look up to</b></p></div>	<div class="answer"><b>I've always looked up to my older sister.</b></div><p class="full-sentence">✅ Też poprawnie: <i>I always looked up to my older sister.</i></p>	<div class="explanation"><p><b>📐 Type 4 – dwie partykuły.</b> Present Perfect z <i>always</i> – podziw trwa do dziś.</p><p><span class="wrong">❌ I've always looked my older sister up to.</span></p></div>	translation	fce use-of-english translation multi-word-verbs unit-3a type-4
<div class="tr"><p class="instruction">🇵🇱 → 🇬🇧 Przetłumacz na angielski:</p><p class="pl-sentence">Znowu skończyły nam się banany!</p><p class="keyword">Użyj: <b>run out of</b></p></div>	<div class="answer"><b>We've run out of bananas again!</b></div>	<div class="explanation"><p><b>📐 Type 4 – dwie partykuły.</b> Podmiotem jest osoba (we) → <b>run out of</b> + rzecz. Present Perfect – skutek widoczny teraz.</p><p><span class="wrong">❌ We've run out bananas again!</span></p></div>	translation	fce use-of-english translation multi-word-verbs unit-3a type-4
<div class="tr"><p class="instruction">🇵🇱 → 🇬🇧 Przetłumacz na angielski:</p><p class="pl-sentence">Zabrakło mi czasu na ostatnie zadanie.</p><p class="keyword">Użyj: <b>run out of</b></p></div>	<div class="answer"><b>I ran out of time for the last task.</b></div><p class="full-sentence">✅ Też poprawnie: <i>I ran out of time before the last task.</i></p>	<div class="explanation"><p><b>📐 Type 4 – dwie partykuły.</b> „Zabrakło mi” → podmiotem jest <b>I</b>: I ran out of time.</p><p><span class="wrong">❌ I ran out time for the last task.</span></p></div>	translation	fce use-of-english translation multi-word-verbs unit-3a type-4
<div class="tr"><p class="instruction">🇵🇱 → 🇬🇧 Przetłumacz na angielski:</p><p class="pl-sentence">Pokłóciłem się z najlepszym przyjacielem o pieniądze.</p><p class="keyword">Użyj: <b>fall out with</b></p></div>	<div class="answer"><b>I fell out with my best friend over money.</b></div><p class="full-sentence">✅ Też poprawnie: <i>I fell out with my best friend about money.</i></p>	<div class="explanation"><p><b>📐 Type 4 – dwie partykuły.</b> <b>fall out with sb over/about sth</b>.</p><p><span class="wrong">❌ I fell out my best friend with over money.</span></p></div>	translation	fce use-of-english translation multi-word-verbs unit-3a type-4
<div class="tr"><p class="instruction">🇵🇱 → 🇬🇧 Przetłumacz na angielski:</p><p class="pl-sentence">Zerwała z nim przez SMS-a.</p><p class="keyword">Użyj: <b>break up with</b></p></div>	<div class="answer"><b>She broke up with him by text.</b></div><p class="full-sentence">✅ Też poprawnie: <i>She broke up with him over text.</i></p>	<div class="explanation"><p><b>📐 Type 4 – dwie partykuły.</b> Z osobą potrzebujesz drugiej partykuły: <b>break up with sb</b>.</p><p><span class="wrong">❌ She broke up him by text.</span></p></div>	translation	fce use-of-english translation multi-word-verbs unit-3a type-4
<div class="tr"><p class="instruction">🇵🇱 → 🇬🇧 Przetłumacz na angielski:</p><p class="pl-sentence">On ciągle gada o swoim nowym samochodzie.</p><p class="keyword">Użyj: <b>go on about</b></p></div>	<div class="answer"><b>He keeps going on about his new car.</b></div><p class="full-sentence">✅ Też poprawnie: <i>He's always going on about his new car.</i></p>	<div class="explanation"><p><b>📐 Type 4 – dwie partykuły.</b> <b>keep + -ing</b> albo <b>always + Continuous</b> podkreśla, że to irytujące.</p><p><span class="wrong">❌ He keeps going on his new car about.</span></p></div>	translation	fce use-of-english translation multi-word-verbs unit-3a type-4
<div class="tr"><p class="instruction">🇵🇱 → 🇬🇧 Przetłumacz na angielski:</p><p class="pl-sentence">Ściągał na egzaminie i uszło mu to na sucho.</p><p class="keyword">Użyj: <b>get away with</b></p></div>	<div class="answer"><b>He cheated in the exam and got away with it.</b></div><p class="full-sentence">✅ Też poprawnie: <i>He cheated in the exam and got away with it completely.</i></p>	<div class="explanation"><p><b>📐 Type 4 – dwie partykuły.</b> Zaimek (<b>it</b>) na końcu, po obu partykułach.</p><p><span class="wrong">❌ …and got away it with.</span></p></div>	translation	fce use-of-english translation multi-word-verbs unit-3a type-4
<div class="tr"><p class="instruction">🇵🇱 → 🇬🇧 Przetłumacz na angielski:</p><p class="pl-sentence">Okłamywanie nauczyciela nie ujdzie ci na sucho!</p><p class="keyword">Użyj: <b>get away with</b></p></div>	<div class="answer"><b>You won't get away with lying to the teacher!</b></div>	<div class="explanation"><p><b>📐 Type 4 – dwie partykuły.</b> Po <b>with</b> czasownik z <b>-ing</b>: get away with lying.</p><p><span class="wrong">❌ You won't get away with lie to the teacher!</span></p></div>	translation	fce use-of-english translation multi-word-verbs unit-3a type-4
<div class="tr"><p class="instruction">🇵🇱 → 🇬🇧 Przetłumacz na angielski:</p><p class="pl-sentence">Nie mogę ogarnąć tej nowej reguły gramatycznej.</p><p class="keyword">Użyj: <b>get your head around</b></p></div>	<div class="answer"><b>I can't get my head around this new grammar rule.</b></div><p class="full-sentence">✅ Też poprawnie: <i>I can't get my head round this new grammar rule.</i></p>	<div class="explanation"><p><b>📐 Idiom.</b> <b>your</b> zmieniamy na zaimek dzierżawczy osoby: <i>my head, his head</i>.</p><p><span class="wrong">❌ I can't get your head around this new grammar rule.</span></p></div>	translation	fce use-of-english translation multi-word-verbs unit-3a idiom
<div class="tr"><p class="instruction">🇵🇱 → 🇬🇧 Przetłumacz na angielski:</p><p class="pl-sentence">Jest teraz spłukany, więc nie pojedzie z nami na wakacje.</p><p class="keyword">Użyj: <b>be hard up</b></p></div>	<div class="answer"><b>He's hard up at the moment, so he can't come on holiday with us.</b></div><p class="full-sentence">✅ Też poprawnie: <i>He's hard up right now, so he won't be coming on holiday with us.</i></p>	<div class="explanation"><p><b>📐 Wyrażenie przymiotnikowe.</b> <b>be + hard up</b> – odmieniamy <i>be</i>; to nie jest multi-word verb.</p></div>	translation	fce use-of-english translation multi-word-verbs unit-3a idiom
<div class="tr"><p class="instruction">🇵🇱 → 🇬🇧 Przetłumacz na angielski:</p><p class="pl-sentence">Te stare buty się rozpadają – wyrzuć je!</p><p class="keyword">Użyj: <b>fall apart · throw away</b></p></div>	<div class="answer"><b>These old shoes are falling apart – throw them away!</b></div>	<div class="explanation"><p><b>📐 Type 1 + Type 2.</b> <b>fall apart</b> bez dopełnienia; <b>throw sth away</b> – zaimek w środku.</p><p><span class="wrong">❌ …throw away them!</span></p></div>	translation	fce use-of-english translation multi-word-verbs unit-3a type-1 type-2
