<div class="tr"><p class="instruction">Jak wymawiamy <b>g</b>: twarde /g/ czy miękkie /dʒ/?</p><p class="word">guard</p></div>	<div class="answer"><b>/g/ – twarde (jak w <i>get</i>)</b></div><p class="full-sentence">/ɡɑːd/ – strażnik; pilnować</p>	<div class="explanation"><p><b>📐 Reguła:</b> g + spółgłoska albo <b>a, o, u</b> → zwykle twarde /g/. Tu: g + u (u nieme).</p></div>	sound-spelling	fce use-of-english sound-spelling pronunciation expressions-with-get unit-2a
<div class="tr"><p class="instruction">Jak wymawiamy <b>g</b>: twarde /g/ czy miękkie /dʒ/?</p><p class="word">gymnastics</p></div>	<div class="answer"><b>/dʒ/ – miękkie (jak w <i>job</i>)</b></div><p class="full-sentence">/dʒɪmˈnæstɪks/ – gimnastyka</p>	<div class="explanation"><p><b>📐 Reguła:</b> g + <b>e, i, y</b> → zwykle miękkie /dʒ/. Tu: g + y.</p></div>	sound-spelling	fce use-of-english sound-spelling pronunciation expressions-with-get unit-2a
<div class="tr"><p class="instruction">Jak wymawiamy <b>g</b>: twarde /g/ czy miękkie /dʒ/?</p><p class="word">guide</p></div>	<div class="answer"><b>/g/ – twarde (jak w <i>get</i>)</b></div><p class="full-sentence">/ɡaɪd/ – przewodnik</p>	<div class="explanation"><p><b>📐 Reguła:</b> g + spółgłoska albo <b>a, o, u</b> → zwykle twarde /g/. Tu: g + u (u nieme).</p></div>	sound-spelling	fce use-of-english sound-spelling pronunciation expressions-with-get unit-2a
<div class="tr"><p class="instruction">Jak wymawiamy <b>g</b>: twarde /g/ czy miękkie /dʒ/?</p><p class="word">generous</p></div>	<div class="answer"><b>/dʒ/ – miękkie (jak w <i>job</i>)</b></div><p class="full-sentence">/ˈdʒenərəs/ – hojny</p>	<div class="explanation"><p><b>📐 Reguła:</b> g + <b>e, i, y</b> → zwykle miękkie /dʒ/. Tu: g + e.</p></div>	sound-spelling	fce use-of-english sound-spelling pronunciation expressions-with-get unit-2a
<div class="tr"><p class="instruction">Jak wymawiamy <b>g</b>: twarde /g/ czy miękkie /dʒ/?</p><p class="word">biology</p></div>	<div class="answer"><b>/dʒ/ – miękkie (jak w <i>job</i>)</b></div><p class="full-sentence">/baɪˈɒlədʒi/ – biologia</p>	<div class="explanation"><p><b>📐 Reguła:</b> g + <b>e, i, y</b> → zwykle miękkie /dʒ/. Tu: g + y (końcówka <i>-gy</i>).</p></div>	sound-spelling	fce use-of-english sound-spelling pronunciation expressions-with-get unit-2a
<div class="tr"><p class="instruction">Jak wymawiamy <b>g</b>: twarde /g/ czy miękkie /dʒ/?</p><p class="word">together</p></div>	<div class="answer"><b>/g/ – twarde (jak w <i>get</i>)</b></div><p class="full-sentence">/təˈɡeðə/ – razem</p>	<div class="explanation"><p><b>📐 Reguła:</b> <b>Wyjątek:</b> g + e, a mimo to twarde /g/ – tak samo <i>get, forget, give, girl, begin</i>.</p></div>	sound-spelling	fce use-of-english sound-spelling pronunciation expressions-with-get unit-2a
<div class="tr"><p class="instruction">Jak wymawiamy <b>g</b>: twarde /g/ czy miękkie /dʒ/?</p><p class="word">religion</p></div>	<div class="answer"><b>/dʒ/ – miękkie (jak w <i>job</i>)</b></div><p class="full-sentence">/rɪˈlɪdʒən/ – religia</p>	<div class="explanation"><p><b>📐 Reguła:</b> g + <b>e, i, y</b> → zwykle miękkie /dʒ/. Tu: g + i.</p></div>	sound-spelling	fce use-of-english sound-spelling pronunciation expressions-with-get unit-2a
<div class="tr"><p class="instruction">Jak wymawiamy <b>g</b>: twarde /g/ czy miękkie /dʒ/?</p><p class="word">agree</p></div>	<div class="answer"><b>/g/ – twarde (jak w <i>get</i>)</b></div><p class="full-sentence">/əˈɡriː/ – zgadzać się</p>	<div class="explanation"><p><b>📐 Reguła:</b> g + spółgłoska albo <b>a, o, u</b> → zwykle twarde /g/. Tu: g + r (spółgłoska).</p></div>	sound-spelling	fce use-of-english sound-spelling pronunciation expressions-with-get unit-2a
<div class="tr"><p class="instruction">Jak wymawiamy <b>g</b>: twarde /g/ czy miękkie /dʒ/?</p><p class="word">dangerous</p></div>	<div class="answer"><b>/dʒ/ – miękkie (jak w <i>job</i>)</b></div><p class="full-sentence">/ˈdeɪndʒərəs/ – niebezpieczny</p>	<div class="explanation"><p><b>📐 Reguła:</b> g + <b>e, i, y</b> → zwykle miękkie /dʒ/. Tu: g + e (jak w <i>danger</i>).</p></div>	sound-spelling	fce use-of-english sound-spelling pronunciation expressions-with-get unit-2a
<div class="tr"><p class="instruction">Jak wymawiamy <b>g</b>: twarde /g/ czy miękkie /dʒ/?</p><p class="word">forget</p></div>	<div class="answer"><b>/g/ – twarde (jak w <i>get</i>)</b></div><p class="full-sentence">/fəˈɡet/ – zapominać</p>	<div class="explanation"><p><b>📐 Reguła:</b> <b>Wyjątek:</b> g + e, a mimo to twarde /g/ – bo w środku jest <i>get</i>.</p></div>	sound-spelling	fce use-of-english sound-spelling pronunciation expressions-with-get unit-2a
<div class="tr"><p class="instruction">Jak wymawiamy <b>g</b>: twarde /g/ czy miękkie /dʒ/?</p><p class="word">bridge</p></div>	<div class="answer"><b>/dʒ/ – miękkie (jak w <i>job</i>)</b></div><p class="full-sentence">/brɪdʒ/ – most</p>	<div class="explanation"><p><b>📐 Reguła:</b> Końcówka <b>-dge</b> to zawsze /dʒ/ (bridge, judge, knowledge).</p></div>	sound-spelling	fce use-of-english sound-spelling pronunciation expressions-with-get unit-2a
<div class="tr"><p class="instruction">Jak wymawiamy <b>g</b>: twarde /g/ czy miękkie /dʒ/?</p><p class="word">gardener</p></div>	<div class="answer"><b>/g/ – twarde (jak w <i>get</i>)</b></div><p class="full-sentence">/ˈɡɑːdnə/ – ogrodnik</p>	<div class="explanation"><p><b>📐 Reguła:</b> g + spółgłoska albo <b>a, o, u</b> → zwykle twarde /g/. Tu: g + a.</p></div>	sound-spelling	fce use-of-english sound-spelling pronunciation expressions-with-get unit-2a
